SYMBOL_CODE,TRADE_DATE,TRADE_VOLUME,TRADE_VALUE,TRADE_COUNT,OPEN_PRICE,HIGH_PRICE,LOW_PRICE,CLOSE_PRICE
EGS65571C019,1/2/2013 0:00,103941,2582112.5,119,24.39,25.05,24.02,24.84
EGS65571C019,1/3/2013 0:00,232703,5961554.06,167,24.7,26,24.7,25.62
EGS65571C019,1/6/2013 0:00,76886,1956936.75,117,25.3,25.85,25.07,25.45
EGS65571C019,1/8/2013 0:00,64687,1620033.52,91,25.16,25.16,24.87,25.04
EGS65571C019,1/9/2013 0:00,49786,1242881.47,62,25.04,25.19,24.66,24.96
EGS65571C019,1/10/2013 0:00,63391,1534879.32,85,24.66,24.73,24,24.21
EGS65571C019,1/13/2013 0:00,19134,459683.25,47,24.1,24.4,23.8,24.02
EGS65571C019,1/14/2013 0:00,7835,188310.35,19,24.36,24.36,23.77,24.03
EGS65571C019,1/15/2013 0:00,6744,158682.3,29,23.6,23.7,23.32,23.53
EGS65571C019,1/16/2013 0:00,13417,316964.6,37,23.5,23.8,23.4,23.62
EGS65571C019,1/17/2013 0:00,15430,359230.94,30,23.32,23.99,23.2,23.28
EGS65571C019,1/20/2013 0:00,30900,703051.57,51,23.98,23.98,22.5,22.75
EGS65571C019,1/21/2013 0:00,36437,817517.46,59,22.51,22.51,22,22.44
EGS65571C019,1/22/2013 0:00,48203,1102483.74,42,22.8,23.48,22.5,22.87
EGS65571C019,1/23/2013 0:00,10598,248621.51,39,22.81,23.79,22.81,23.46
EGS65571C019,1/27/2013 0:00,10734,249226.95,17,22.2,23.6,22.2,23.22
EGS65571C019,1/28/2013 0:00,4594,105150.3,12,22.73,23,22.73,22.89
EGS65571C019,1/29/2013 0:00,24221,539938.67,41,22.25,23,21.75,22.29
EGS65571C019,1/30/2013 0:00,5000,116186,11,23.4,23.4,23.01,23.24
EGS65571C019,1/31/2013 0:00,25909,600052.67,69,22.75,23.75,22.32,23.16
EGS65571C019,2/3/2013 0:00,16587,394056.85,25,23.4,24,23.4,23.76
EGS65571C019,2/4/2013 0:00,19562,467042.98,28,23.77,24.25,23.5,23.88
EGS65571C019,2/5/2013 0:00,28386,681260.41,41,24.25,24.25,23.5,24
EGS65571C019,2/6/2013 0:00,6955,164564.3,24,24,24,23.34,23.66
EGS65571C019,2/7/2013 0:00,46724,1112672.28,72,23.95,24,23.37,23.81
EGS65571C019,2/10/2013 0:00,2622,62653.7,8,24.15,24.15,23.64,23.9
EGS65571C019,2/11/2013 0:00,12597,298357.27,16,23.45,23.9,23.45,23.68
EGS65571C019,2/12/2013 0:00,13535,324586.86,29,23.7,24.16,23.7,23.98
EGS65571C019,2/13/2013 0:00,50767,1219392.28,54,24,24.19,23.85,24.02
EGS65571C019,2/14/2013 0:00,5300,127529.77,12,24.1,24.2,24.01,24.06
EGS65571C019,2/17/2013 0:00,8059,192337.15,7,23.85,23.95,23.85,23.87
EGS65571C019,2/18/2013 0:00,24869,595613.15,24,23.66,24,23.6,23.95
EGS65571C019,2/19/2013 0:00,24489,583306.12,33,23.99,24,23.5,23.82
EGS65571C019,2/20/2013 0:00,26230,611120.31,51,23.5,23.5,23.12,23.3
EGS65571C019,2/21/2013 0:00,130312,2996916.44,57,23.12,23.7,22.71,23
EGS65571C019,2/24/2013 0:00,19200,436013.77,46,22.7,22.81,22.51,22.71
EGS65571C019,2/25/2013 0:00,19510,438769,11,22.7,22.7,22.4,22.49
EGS65571C019,2/26/2013 0:00,24499,546364.05,36,22.46,22.49,22.25,22.3
EGS65571C019,2/27/2013 0:00,35650,778299.96,86,22.5,22.5,21.27,21.83
EGS65571C019,2/28/2013 0:00,6684,145559.38,7,21.83,21.89,21.52,21.78
EGS65571C019,3/3/2013 0:00,30375,645015.15,60,21.3,21.78,21,21.24
EGS65571C019,3/4/2013 0:00,16147,329256.56,27,21,21,20.17,20.39
EGS65571C019,3/5/2013 0:00,15356,312406.83,35,20.3,20.65,20,20.34
EGS65571C019,3/6/2013 0:00,44476,886035.98,66,20.06,20.59,19.66,19.92
EGS65571C019,3/7/2013 0:00,26504,547706.55,38,20,20.9,20,20.67
EGS65571C019,3/10/2013 0:00,14860,311672.84,24,20.85,21.15,20.7,20.97
EGS65571C019,3/11/2013 0:00,760473,16196593.69,31,21.14,21.39,21.13,21.3
EGS65571C019,3/12/2013 0:00,15191,320115.1,28,21.4,21.5,21,21.07
EGS65571C019,3/13/2013 0:00,11850,247384.45,23,20.85,21,20.8,20.88
EGS65571C019,3/14/2013 0:00,29611,621287.83,41,20.78,21.01,20.77,20.98
EGS65571C019,3/17/2013 0:00,30296,636216,37,21,21,21,21
EGS65571C019,3/18/2013 0:00,16815,344285.6,63,20.6,20.95,19.21,20.47
EGS65571C019,3/19/2013 0:00,7299,150033.49,22,20.02,20.9,20.02,20.56
EGS65571C019,3/20/2013 0:00,12111,252053.05,24,20.55,21,20.11,20.81
EGS65571C019,3/21/2013 0:00,5199,109178,22,21,21,20.99,21
EGS65571C019,3/24/2013 0:00,7290,152717.55,15,20.66,21.2,20.66,20.95
EGS65571C019,3/25/2013 0:00,5000,103285,12,20.5,20.98,20.41,20.66
EGS65571C019,3/26/2013 0:00,2129,43317.25,8,20.31,20.5,20.25,20.35
EGS65571C019,3/27/2013 0:00,9817,198178.64,27,20.2,20.5,20.1,20.19
EGS65571C019,3/28/2013 0:00,31405,651844.48,86,20.69,21.35,20.69,20.76
EGS65571C019,3/31/2013 0:00,6619,136155.37,19,20.71,20.71,20.41,20.57
EGS65571C019,4/1/2013 0:00,5608,114746.1,12,20.99,20.99,20.31,20.46
EGS65571C019,4/2/2013 0:00,17744,363226.88,26,20.5,20.85,20.27,20.47
EGS65571C019,4/3/2013 0:00,5482,109979.25,17,20.2,20.2,20,20.06
EGS65571C019,4/4/2013 0:00,13205,271819.74,35,20.47,20.95,20.01,20.58
EGS65571C019,4/7/2013 0:00,10,209,1,20.9,20.9,20.9,20.58
EGS65571C019,4/8/2013 0:00,12274,255932.6,26,20.5,21.3,20.15,20.85
EGS65571C019,4/9/2013 0:00,28449,598091.9,49,21,21.4,20.65,21.02
EGS65571C019,4/10/2013 0:00,44102,961601.73,78,21.02,22.77,21.02,21.8
EGS65571C019,4/11/2013 0:00,38645,878314.75,70,22.7,23.15,22.26,22.73
EGS65571C019,4/14/2013 0:00,39590,897471.83,105,22.95,22.96,22.3,22.67
EGS65571C019,4/15/2013 0:00,32726,733086.58,75,22.36,22.51,22.22,22.4
EGS65571C019,4/16/2013 0:00,15370,344698.5,22,22.5,22.5,22.26,22.43
EGS65571C019,4/17/2013 0:00,27352,611265.9,46,22.3,22.75,22.15,22.35
EGS65571C019,4/18/2013 0:00,140818,3168624.92,57,22.65,22.69,22.21,22.5
EGS65571C019,4/21/2013 0:00,1509,33744.93,8,22.2,22.67,22.18,22.36
EGS65571C019,4/22/2013 0:00,6900,156428,9,22.5,22.85,22.5,22.67
EGS65571C019,4/23/2013 0:00,24970,566678.3,27,22.9,23.09,22.55,22.69
EGS65571C019,4/24/2013 0:00,11155,249894.21,14,22.35,22.84,22.31,22.4
EGS65571C019,4/28/2013 0:00,6051,134838.83,20,22.3,22.3,22.21,22.28
EGS65571C019,4/29/2013 0:00,41285,947316.82,82,22.6,23.07,22.6,22.95
EGS65571C019,4/30/2013 0:00,20983,486987.2,43,23.07,23.7,22.75,23.21
EGS65571C019,5/2/2013 0:00,23221,544471.13,48,23.29,23.65,23.29,23.45
EGS65571C019,5/7/2013 0:00,19367,463431.9,47,23.68,24,23.68,23.93
EGS65571C019,5/8/2013 0:00,15256,362327.18,22,24,24,23.62,23.75
EGS65571C019,5/9/2013 0:00,34161,809302.85,47,23.98,23.98,23.3,23.69
EGS65571C019,5/12/2013 0:00,5049,120891.35,14,23.97,24,23.6,23.94
EGS65571C019,5/13/2013 0:00,11516,267973.1,20,23.35,23.85,23,23.27
EGS65571C019,5/14/2013 0:00,27650,660481.2,47,23.21,24,23.21,23.89
EGS65571C019,5/15/2013 0:00,16176,384632.99,24,23.35,24,23.35,23.78
EGS65571C019,5/16/2013 0:00,59688,1424583.09,78,23.41,24,23.4,23.87
EGS65571C019,5/19/2013 0:00,21902,526584.31,50,23.67,24.25,23.67,24.04
EGS65571C019,5/20/2013 0:00,91774,2203794.2,157,24,24.38,23.75,24.01
EGS65571C019,5/21/2013 0:00,54348,1331256.44,133,24.4,24.69,24.25,24.5
EGS65571C019,5/22/2013 0:00,22264,542994.68,18,24.21,24.8,24.15,24.39
EGS65571C019,5/23/2013 0:00,20310,498367.5,32,24.5,24.85,24.25,24.54
EGS65571C019,5/26/2013 0:00,41766,1013086.75,40,24.5,24.5,24.02,24.26
EGS65571C019,5/27/2013 0:00,19036,459737.8,33,23.75,24.4,23.71,24.15
EGS65571C019,5/28/2013 0:00,14675,352662.9,19,24.02,24.23,24,24.03
EGS65571C019,5/29/2013 0:00,6360,151109.47,15,23.75,24.19,23.57,23.76
EGS65571C019,5/30/2013 0:00,86917,2090705.18,102,24,24.27,23.85,24.05
EGS65571C019,6/2/2013 0:00,120064,2953445.82,152,23.8,25.03,23.8,24.6
EGS65571C019,6/3/2013 0:00,145358,3622774.11,143,25,25.1,24,24.92
EGS65571C019,6/4/2013 0:00,94005,2286127.33,69,24.07,24.7,23.81,24.32
EGS65571C019,6/5/2013 0:00,279720,6676071.28,176,24.12,24.12,23.12,23.87
EGS65571C019,6/6/2013 0:00,52185,1244429.08,41,23.5,24,23.5,23.85
EGS65571C019,6/9/2013 0:00,129902,3053633.45,125,24,24,23.25,23.51
EGS65571C019,6/10/2013 0:00,77934,1786670.27,106,23.03,23.25,21.6,22.93
EGS65571C019,6/11/2013 0:00,23250,521351.09,75,21.55,23.97,21.54,22.42
EGS65571C019,6/12/2013 0:00,32880,671802.54,77,22.06,22.06,20.18,20.43
EGS65571C019,6/13/2013 0:00,20302,423824.4,30,21.15,21.5,20.5,20.88
EGS65571C019,6/16/2013 0:00,8900,186590,12,20.4,21,20.4,20.97
EGS65571C019,6/17/2013 0:00,14691,306114.21,23,20.5,21.5,20.5,20.84
EGS65571C019,6/18/2013 0:00,134635,2960730.3,110,21.94,22,21.6,21.99
EGS65571C019,6/19/2013 0:00,25813,562570,30,21.26,22.25,21.26,21.79
EGS65571C019,6/20/2013 0:00,469047,10779307.77,88,22,23.1,22,22.98
EGS65571C019,6/23/2013 0:00,67216,1577100.4,67,22.01,23.95,21.25,23.46
EGS65571C019,6/24/2013 0:00,13075,289104.6,20,22.15,22.3,22,22.11
EGS65571C019,6/25/2013 0:00,78729,1820299.05,75,22.99,23.5,22.99,23.12
EGS65571C019,6/26/2013 0:00,6417,143215.1,14,22.51,22.7,22.2,22.32
EGS65571C019,6/27/2013 0:00,39661,876270,47,22.5,22.99,21.9,22.09
EGS65571C019,6/30/2013 0:00,24372,548512.73,33,22.42,22.9,22.42,22.51
EGS65571C019,7/2/2013 0:00,33224,780035.2,65,22.4,23.5,22.4,23.48
EGS65571C019,7/3/2013 0:00,30195,682636.55,44,22.4,23,22.01,22.61
EGS65571C019,7/4/2013 0:00,83894,2085908.78,48,23.98,24.87,23.98,24.86
EGS65571C019,7/7/2013 0:00,182662,4331928.15,165,24.31,24.5,23.26,23.72
EGS65571C019,7/8/2013 0:00,156762,3499073.74,90,23,23,22.2,22.32
EGS65571C019,7/9/2013 0:00,44531,1028132.59,89,23.3,23.5,22.86,23.09
EGS65571C019,7/10/2013 0:00,22735,534023.55,46,23.42,23.75,23,23.49
EGS65571C019,7/11/2013 0:00,6300,148481,20,23.41,23.7,23.41,23.57
EGS65571C019,7/14/2013 0:00,3706,87730.14,4,23.64,23.69,23.64,23.67
EGS65571C019,7/15/2013 0:00,9755,226106.7,13,23.5,23.5,23,23.18
EGS65571C019,7/17/2013 0:00,2028,46610.36,5,23.05,23.05,22.87,22.98
EGS65571C019,7/18/2013 0:00,4005502,88152971.14,318,22.87,22.87,22,22.01
EGS65571C019,7/21/2013 0:00,30883,701942.71,46,22.5,22.84,22.5,22.73
EGS65571C019,7/22/2013 0:00,4333014,95432247.75,354,22.5,22.88,22,22.02
EGS65571C019,7/24/2013 0:00,87239,1947446.1,114,22.48,22.6,21.99,22.32
EGS65571C019,7/25/2013 0:00,140768,3099683.33,67,21.99,22.39,21.99,22.02
EGS65571C019,7/28/2013 0:00,99188,2231390.74,77,22.2,22.58,22.2,22.5
EGS65571C019,7/29/2013 0:00,32100,721442.19,30,22.45,22.5,22.25,22.47
EGS65571C019,7/30/2013 0:00,12245,272880.77,24,22.47,22.5,22.1,22.29
EGS65571C019,7/31/2013 0:00,72650,1633140.41,41,22.43,22.5,22.1,22.48
EGS65571C019,8/1/2013 0:00,92359,2086764.37,69,22.7,22.79,22.5,22.59
EGS65571C019,8/4/2013 0:00,211462,4874067.58,130,22.8,23.25,22.8,23.05
EGS65571C019,8/5/2013 0:00,18106,416590.47,43,23.05,23.27,22.9,23.01
EGS65571C019,8/6/2013 0:00,118484,2757183.8,90,22.95,23.68,22.95,23.27
EGS65571C019,8/7/2013 0:00,125871,3006976.97,184,23.24,24.35,23.24,23.89
EGS65571C019,8/12/2013 0:00,83480,2030760.4,113,24.3,24.75,24,24.33
EGS65571C019,8/13/2013 0:00,91482,2235435.84,110,24.2,24.8,23.66,24.44
EGS65571C019,8/14/2013 0:00,102876,2464091.38,110,24.01,24.47,23.7,23.95
EGS65571C019,8/18/2013 0:00,77670,1857446.04,91,23.59,24.5,23.51,23.91
EGS65571C019,8/19/2013 0:00,24656,588322.53,34,23.4,24.18,23.3,23.86
EGS65571C019,8/20/2013 0:00,33890,835104.06,53,24.28,24.7,24.28,24.64
EGS65571C019,8/21/2013 0:00,87888,2153254.16,48,24.69,24.69,24.18,24.5
EGS65571C019,8/22/2013 0:00,98358,2448679.78,68,24.3,25,24.3,24.9
EGS65571C019,8/25/2013 0:00,35554,889691.68,31,25,25.19,25,25.02
EGS65571C019,8/26/2013 0:00,544561,13747616.26,111,25.06,25.6,25,25.25
EGS65571C019,8/27/2013 0:00,51650,1267391.88,56,24.8,25.25,24.2,24.54
EGS65571C019,8/28/2013 0:00,44630,1075399.35,35,24,24.74,23.51,24.1
EGS65571C019,8/29/2013 0:00,26122,638034.87,37,24.4,24.64,24.31,24.43
EGS65571C019,9/1/2013 0:00,6724711,164279666,30,24.15,24.43,24.15,24.43
EGS65571C019,9/2/2013 0:00,318884,7767620.91,71,24.43,24.43,23.75,24.36
EGS65571C019,9/3/2013 0:00,58974,1413549.86,33,24.7,24.7,23.7,23.97
EGS65571C019,9/4/2013 0:00,85700,2056612.4,56,23.65,24.3,23.65,24
EGS65571C019,9/5/2013 0:00,107429,2575440.46,88,24,24,23.31,23.97
EGS65571C019,9/8/2013 0:00,11449,277126.27,14,24.3,24.49,23.72,24.21
EGS65571C019,9/9/2013 0:00,2000,48165.92,9,23.95,24.39,23.95,24.08
EGS65571C019,9/10/2013 0:00,77931,1906315.29,47,24.4,24.5,24.01,24.46
EGS65571C019,9/11/2013 0:00,550156,13508325.23,72,24.5,25,24.17,24.55
EGS65571C019,9/12/2013 0:00,288257,7273728.76,131,24.52,25.6,24.52,25.23
EGS65571C019,9/15/2013 0:00,12600,324941.5,14,25.75,26,25.75,25.79
EGS65571C019,9/16/2013 0:00,171761,4457466.29,32,25.96,26,25.22,25.89
EGS65571C019,9/17/2013 0:00,42073,1062436.73,52,25.16,25.5,25.13,25.25
EGS65571C019,9/18/2013 0:00,118381,2991107.55,241,25.03,25.45,25.02,25.27
EGS65571C019,9/19/2013 0:00,370073,9444396.77,95,25.4,25.93,25.4,25.52
EGS65571C019,9/22/2013 0:00,7435,190331.85,10,25.87,25.87,25.27,25.6
EGS65571C019,9/23/2013 0:00,20969,541061.21,33,25.8,26,25.5,25.8
EGS65571C019,9/24/2013 0:00,156135,4057976.4,69,25.96,26.1,25.53,25.99
EGS65571C019,9/25/2013 0:00,116755,3015544.65,67,26,26,25.75,25.83
EGS65571C019,9/26/2013 0:00,12490,320036.13,23,25.33,25.99,25.33,25.62
EGS65571C019,9/29/2013 0:00,10412,263274.28,17,25.58,25.58,25.15,25.29
EGS65571C019,9/30/2013 0:00,18684,469961.74,24,25.05,25.7,24.9,25.15
EGS65571C019,10/1/2013 0:00,15430,390890,14,25.25,25.6,25.08,25.33
EGS65571C019,10/2/2013 0:00,22630,575009.34,48,25.2,25.6,25.2,25.41
EGS65571C019,10/3/2013 0:00,66183,1716869.21,73,25.17,26.21,25.17,25.94
EGS65571C019,10/7/2013 0:00,58355,1545581.44,66,26.37,26.85,26,26.49
EGS65571C019,10/8/2013 0:00,270467,7286773.75,174,26.55,27.1,26.55,26.94
EGS65571C019,10/9/2013 0:00,198034,5517659.3,126,27.24,28,27.02,27.86
EGS65571C019,10/10/2013 0:00,93930,2623831.08,61,27.9,28,27.27,27.93
EGS65571C019,10/13/2013 0:00,157327,4395277.26,36,28,28,27.52,27.94
EGS65571C019,10/20/2013 0:00,17641,486740.45,31,27.75,27.75,27.5,27.59
EGS65571C019,10/21/2013 0:00,33696,914374.56,58,27.65,27.7,27,27.14
EGS65571C019,10/22/2013 0:00,570317,15487764.43,66,27.48,27.5,27.14,27.16
EGS65571C019,10/23/2013 0:00,315227,8634751.35,86,27.49,27.69,27.16,27.39
EGS65571C019,10/24/2013 0:00,47015,1279380.89,75,27.65,27.65,27.15,27.21
EGS65571C019,10/27/2013 0:00,42706,1156401.5,43,27.45,27.5,26.8,27.08
EGS65571C019,10/28/2013 0:00,11398,304483.58,41,26.76,26.98,26.5,26.71
EGS65571C019,10/29/2013 0:00,106984,2872119.5,30,26.35,27,26.35,26.85
EGS65571C019,10/30/2013 0:00,316608,8622801.81,105,27,27.59,27,27.23
EGS65571C019,10/31/2013 0:00,118128,3206598.23,65,27.1,27.21,27.05,27.15
EGS65571C019,11/3/2013 0:00,62994,1710807.96,110,27,27.58,26.61,27.16
EGS65571C019,11/4/2013 0:00,23350,639076.15,43,27.02,27.4,27.02,27.37
EGS65571C019,11/6/2013 0:00,227147,6244562.16,166,27.58,27.7,27.3,27.49
EGS65571C019,11/7/2013 0:00,173835,4715302.87,217,27.69,27.7,26.72,27.13
EGS65571C019,11/10/2013 0:00,17751,473360.87,46,26.86,26.99,26.58,26.67
EGS65571C019,11/11/2013 0:00,26723,717293.58,41,26.58,27,26.57,26.84
EGS65571C019,11/12/2013 0:00,40840,1097546.16,54,27,27.3,26.75,26.87
EGS65571C019,11/13/2013 0:00,30024,808268.67,61,26.76,27.2,26.7,26.92
EGS65571C019,11/14/2013 0:00,41937,965541.76,93,25.22,25.22,22.5,23.02
EGS65571C019,11/17/2013 0:00,30343,700609.78,69,23,23.29,22.77,23.09
EGS65571C019,11/18/2013 0:00,656560,15479815.48,239,23,23.73,23,23.58
EGS65571C019,11/19/2013 0:00,497097,11675773.2,116,23.7,23.7,23.2,23.49
EGS65571C019,11/20/2013 0:00,520395,12203782.07,164,23.49,23.5,23,23.45
EGS65571C019,11/21/2013 0:00,505158,11671695.5,182,23.39,23.4,23.04,23.11
EGS65571C019,11/24/2013 0:00,113274,2605841.4,83,23.06,23.24,22.9,23
EGS65571C019,11/25/2013 0:00,81690,1854459.23,99,22.9,22.9,22.6,22.7
EGS65571C019,11/26/2013 0:00,25158,570287.56,36,22.56,23,22.56,22.67
EGS65571C019,11/27/2013 0:00,118301,2694622.84,125,22.68,23.09,22.05,22.78
EGS65571C019,11/28/2013 0:00,42150,952401.74,44,22.26,22.9,22.26,22.6
EGS65571C019,12/1/2013 0:00,40746,927572.85,53,22.22,23,22.22,22.76
EGS65571C019,12/2/2013 0:00,30183,685629.79,55,22.5,22.9,22.5,22.72
EGS65571C019,12/3/2013 0:00,388389,8917684.45,89,22.5,23.1,22.5,22.96
EGS65571C019,12/4/2013 0:00,70924,1642513.48,28,23,23.2,22.66,23.16
EGS65571C019,12/5/2013 0:00,34470,790937.81,34,23,23.2,22.67,22.95
EGS65571C019,12/8/2013 0:00,11195,257820.5,17,22.9,23.14,22.86,23.03
EGS65571C019,12/9/2013 0:00,17900,405202.41,21,22.73,22.73,22.5,22.64
EGS65571C019,12/10/2013 0:00,77066,1772437.18,65,22.9,23,22.75,23
EGS65571C019,12/11/2013 0:00,27705,641985.62,30,23,23.35,23,23.17
EGS65571C019,12/12/2013 0:00,634876,14758820.34,171,23.19,23.4,23,23.25
EGS65571C019,12/15/2013 0:00,282374,6658808.49,141,23.35,23.7,23.35,23.58
EGS65571C019,12/16/2013 0:00,20946,483983.92,37,23.16,23.16,23.02,23.11
EGS65571C019,12/17/2013 0:00,31431,737894.7,45,23.3,23.59,23.12,23.48
EGS65571C019,12/18/2013 0:00,46077,1070683.57,66,23.2,23.3,23.12,23.24
EGS65571C019,12/19/2013 0:00,309514,7121722.24,143,23.35,23.4,22.8,23.01
EGS65571C019,12/22/2013 0:00,28984,662257.17,47,22.85,23,22.77,22.85
EGS65571C019,12/23/2013 0:00,31121,711325.74,49,22.77,23,22.76,22.86
EGS65571C019,12/24/2013 0:00,26952,617918.71,59,22.75,23.05,22.51,22.93
EGS65571C019,12/25/2013 0:00,71509,1664864.07,94,22.82,23.5,22.82,23.28
EGS65571C019,12/26/2013 0:00,36272,836200.7,34,23.13,23.17,23,23.05
EGS65571C019,12/29/2013 0:00,260353,6070764.71,105,23.35,23.49,23.25,23.32
EGS65571C019,12/30/2013 0:00,92470,2155763.28,55,23.38,23.4,23.25,23.31
EGS65571C019,12/31/2013 0:00,35724,829429.02,43,23.1,23.34,23.1,23.22
EGS65571C019,1/2/2014 0:00,24445,564504.88,49,23.29,23.33,23,23.09
EGS65571C019,1/5/2014 0:00,119117,2794001.17,121,23.26,23.9,23.13,23.46
EGS65571C019,1/6/2014 0:00,573190,13386401.48,80,23.15,23.47,23,23.35
EGS65571C019,1/8/2014 0:00,88364,2045692.97,137,23.25,23.25,23,23.15
EGS65571C019,1/9/2014 0:00,146193,3364858.34,191,23.25,23.25,22.91,23.02
EGS65571C019,1/12/2014 0:00,1332747,31288227.36,318,23.25,23.59,23.2,23.48
EGS65571C019,1/14/2014 0:00,367961,8788323.61,402,23.6,24.05,23.52,23.88
EGS65571C019,1/15/2014 0:00,143372,3373871.94,167,23.85,23.85,23.44,23.53
EGS65571C019,1/16/2014 0:00,235307,5455794.39,177,23.45,23.59,22.83,23.19
EGS65571C019,1/19/2014 0:00,96166,2198161.44,103,23.3,23.3,22.6,22.86
EGS65571C019,1/20/2014 0:00,41575,949628.8,54,22.97,23,22.66,22.84
EGS65571C019,1/21/2014 0:00,317329,7214159.84,83,22.7,22.8,22.59,22.73
EGS65571C019,1/22/2014 0:00,211119,4837756.13,84,22.95,23.1,22.79,22.91
EGS65571C019,1/23/2014 0:00,77910,1788359.77,72,23.07,23.33,22.9,22.95
EGS65571C019,1/26/2014 0:00,154912,3562333.82,103,23.01,23.24,22.75,23
EGS65571C019,1/27/2014 0:00,53740,1234539.7,82,22.99,23.06,22.9,22.97
EGS65571C019,1/28/2014 0:00,396364,9284837.28,362,23.15,23.6,23,23.43
EGS65571C019,1/29/2014 0:00,250891,5941145.03,202,23.5,23.96,23.5,23.68
EGS65571C019,1/30/2014 0:00,256256,6068100.9,231,23.61,23.99,23.5,23.68
EGS65571C019,2/2/2014 0:00,765759,18273995.41,277,23.83,23.98,23.67,23.86
EGS65571C019,2/3/2014 0:00,562598,13595659.57,273,23.9,24.3,23.6,24.17
EGS65571C019,2/4/2014 0:00,44499,1062349.62,71,24.12,24.12,23.56,23.87
EGS65571C019,2/5/2014 0:00,137896,3312400.56,142,24,24.25,23.81,24.02
EGS65571C019,2/6/2014 0:00,219201,5349894.46,225,24.2,24.59,24.05,24.41
EGS65571C019,2/9/2014 0:00,1069450,26207809.97,429,24.1,24.78,24.05,24.51
EGS65571C019,2/10/2014 0:00,133384,3289468.31,123,24.71,24.9,24.5,24.66
EGS65571C019,2/11/2014 0:00,161880,3968572.64,103,24.4,24.72,24.4,24.52
EGS65571C019,2/12/2014 0:00,1084738,27020407.27,317,24.5,25.25,24.5,24.91
EGS65571C019,2/13/2014 0:00,331949,8324680.71,251,25.55,25.55,25,25.08
EGS65571C019,2/16/2014 0:00,138038,3454672.79,77,25.25,25.48,24.85,25.03
EGS65571C019,2/17/2014 0:00,239495,5982232.97,151,24.85,25.2,24.8,24.98
EGS65571C019,2/18/2014 0:00,243864,6151862.08,155,25.25,25.35,25.02,25.23
EGS65571C019,2/19/2014 0:00,1270889,32268690.47,142,25.3,25.53,25.22,25.39
EGS65571C019,2/20/2014 0:00,463247,11934039.36,208,25.5,26,25.5,25.76
EGS65571C019,2/23/2014 0:00,386963,10061838.53,158,25.95,26.24,25.8,26
EGS65571C019,2/24/2014 0:00,71774,1862812.66,64,25.62,26.13,25.45,25.95
EGS65571C019,2/25/2014 0:00,188436,4906415.04,139,26,26.4,25.5,26.04
EGS65571C019,2/26/2014 0:00,351503,9158703.51,207,25.9,26.4,24.86,26.06
EGS65571C019,2/27/2014 0:00,33091,870736.9,40,26.08,26.5,26.08,26.31
EGS65571C019,3/2/2014 0:00,20210,518583.09,25,26,26,25.31,25.66
EGS65571C019,3/3/2014 0:00,113089,2821706.12,105,25.5,25.5,24.16,24.95
EGS65571C019,3/4/2014 0:00,104706,2628064.95,71,25,25.78,24.9,25.1
EGS65571C019,3/5/2014 0:00,106839,2707298.33,67,25.2,25.68,25.1,25.34
EGS65571C019,3/6/2014 0:00,127448,3246349.96,84,25.45,25.6,25.25,25.47
EGS65571C019,3/9/2014 0:00,65914,1669080.9,57,25.1,25.5,25.1,25.32
EGS65571C019,3/10/2014 0:00,166518,4240824.73,92,25.1,25.65,25.1,25.47
EGS65571C019,3/11/2014 0:00,83237,2133868.57,70,25.75,25.84,25.54,25.64
EGS65571C019,3/12/2014 0:00,246100,6338680.05,171,25.21,25.9,25.21,25.76
EGS65571C019,3/13/2014 0:00,440259,11447488,95,25.89,26.2,25.8,26
EGS65571C019,3/16/2014 0:00,244900,6334474.48,123,26.01,26.01,25.7,25.87
EGS65571C019,3/17/2014 0:00,186050,4836949.57,125,26,26.1,25.85,26
EGS65571C019,3/18/2014 0:00,241525,6296748.53,173,26.05,26.45,25.86,26.07
EGS65571C019,3/19/2014 0:00,224716,6122376.12,324,26.5,28,26.25,27.24
EGS65571C019,3/20/2014 0:00,361428,10301144.49,452,27.5,29,27.5,28.5
EGS65571C019,3/23/2014 0:00,459232,13827352.98,474,29,31,28,30.11
EGS65571C019,3/24/2014 0:00,527109,16670590.02,508,30,32.75,30,31.63
EGS65571C019,3/25/2014 0:00,406215,13730132.15,425,32.7,34.45,32.7,33.8
EGS65571C019,3/26/2014 0:00,329969,10974578.99,311,32.81,34,32.61,33.26
EGS65571C019,3/27/2014 0:00,244924,7844389.68,237,33.49,34.5,30,32.03
EGS65571C019,3/30/2014 0:00,82470,2541084.72,144,30.05,31.7,29.94,30.81
EGS65571C019,3/31/2014 0:00,202025,6047511.71,211,31.85,31.85,28.27,29.93
EGS65571C019,4/1/2014 0:00,257596,8026917.95,347,30.11,32,30.11,31.16
EGS65571C019,4/2/2014 0:00,90710,2805467.07,173,31.49,31.5,30.33,30.93
EGS65571C019,4/3/2014 0:00,167664,4992878.93,277,31.5,31.5,29,29.78
EGS65571C019,4/6/2014 0:00,204563,6033069.55,255,29.5,31.13,28.5,29.49
EGS65571C019,4/7/2014 0:00,83326,2539569.2,161,28.51,31.5,28.51,30.48
EGS65571C019,4/8/2014 0:00,78125,2456152.54,96,31,32,30.8,31.44
EGS65571C019,4/9/2014 0:00,678209,22642996.81,147,31.5,33.51,30.51,33.39
EGS65571C019,4/10/2014 0:00,332084,11312543.74,357,33.9,34.5,33,34.07
EGS65571C019,4/13/2014 0:00,46360,1559859.96,132,33.85,33.9,33.3,33.65
EGS65571C019,4/14/2014 0:00,207368,6998549.3,126,33,34.1,32.99,33.75
EGS65571C019,4/15/2014 0:00,35449,1209704.24,92,34,34.46,33.99,34.13
EGS65571C019,4/16/2014 0:00,96962,3303409.14,137,34.39,34.39,33.65,34.07
EGS65571C019,4/17/2014 0:00,167624,5222873.61,218,32.01,32.01,30.49,31.16
EGS65571C019,4/22/2014 0:00,132068,4113296.07,136,31.49,31.5,30.8,31.15
EGS65571C019,4/23/2014 0:00,245719,7713574.85,151,31.01,32.34,31,31.77
EGS65571C019,4/27/2014 0:00,58844,1872795.77,54,32,32.14,31.37,31.83
EGS65571C019,4/28/2014 0:00,25368,798192.35,34,31.95,31.95,31,31.46
EGS65571C019,4/29/2014 0:00,11293,352860.97,33,31.45,31.45,30.6,31.25
EGS65571C019,4/30/2014 0:00,71402,2257074.98,84,31.52,31.9,31.36,31.61
EGS65571C019,5/4/2014 0:00,38406,1209288.43,51,31.12,32,31,31.49
EGS65571C019,5/5/2014 0:00,23150,720035.06,53,31,31.4,31,31.1
EGS65571C019,5/6/2014 0:00,228525,7499066.52,148,31.07,33.3,31.06,32.82
EGS65571C019,5/7/2014 0:00,274377,9081760.02,199,33.8,33.8,32.98,33.1
EGS65571C019,5/8/2014 0:00,127225,4207664.3,88,32.07,33.5,32.07,33.07
EGS65571C019,5/11/2014 0:00,29678,990408.7,68,33.01,33.8,33,33.37
EGS65571C019,5/12/2014 0:00,192274,6667450.01,251,33.74,35.1,33.74,34.68
EGS65571C019,5/13/2014 0:00,134555,4700454.12,145,35,35.28,34.5,34.93
EGS65571C019,5/14/2014 0:00,230832,8373133.22,266,35.25,37,35.25,36.27
EGS65571C019,5/15/2014 0:00,395310,14377343.47,171,36.27,37.44,36.27,36.37
EGS65571C019,5/18/2014 0:00,246941,9277708.18,298,36.45,38.05,36.45,37.57
EGS65571C019,5/19/2014 0:00,106526,4092435.2,184,37.23,39,37.23,38.42
EGS65571C019,5/20/2014 0:00,230637,8740271.99,253,38.11,38.25,37.51,37.9
EGS65571C019,5/21/2014 0:00,303579,11332275.6,282,37.5,37.7,36.86,37.33
EGS65571C019,5/22/2014 0:00,380672,14566395.18,273,37.5,38.52,37.5,38.26
EGS65571C019,5/25/2014 0:00,177280,6735506.29,133,38.25,38.25,37.76,37.99
EGS65571C019,5/26/2014 0:00,136764,5186844.1,202,38.09,38.29,37.6,37.93
EGS65571C019,5/28/2014 0:00,181467,6783857.88,189,37.6,37.61,37,37.38
EGS65571C019,5/29/2014 0:00,297923,10829270.43,340,37,38,35,36.35
EGS65571C019,6/1/2014 0:00,120845,4239257.96,119,33.01,35.9,33.01,35.08
EGS65571C019,6/2/2014 0:00,95892,3402024.18,143,34.55,36.4,34.55,35.48
EGS65571C019,6/3/2014 0:00,136412,4768859.85,160,36,36,34.09,34.96
EGS65571C019,6/4/2014 0:00,600686,20940953.62,295,35.25,36.25,34.01,34.86
EGS65571C019,6/5/2014 0:00,243879,9041724.05,236,36.25,38,36.25,37.07
EGS65571C019,6/9/2014 0:00,61453,2252114.23,81,37.68,37.75,36.13,36.65
EGS65571C019,6/10/2014 0:00,227371,8468663.86,131,36.1,37.5,36.08,37.25
EGS65571C019,6/11/2014 0:00,400873,15566739.99,355,37.8,39.5,37.5,38.83
EGS65571C019,6/12/2014 0:00,263376,10364038.99,272,39.75,40.21,38.81,39.35
EGS65571C019,6/15/2014 0:00,417801,16431373.52,280,39.05,39.78,38.5,39.33
EGS65571C019,6/16/2014 0:00,370756,14229747.55,249,38.65,39.11,38,38.38
EGS65571C019,6/17/2014 0:00,196272,7318493.58,244,38.05,38.89,36.18,37.29
EGS65571C019,6/18/2014 0:00,539683,19997246.35,174,37.29,37.6,36,37.05
EGS65571C019,6/19/2014 0:00,203509,7507370.09,181,37.21,37.31,36.45,36.89
EGS65571C019,6/22/2014 0:00,35922,1320852.62,66,36.6,37,36.11,36.77
EGS65571C019,6/23/2014 0:00,68665,2521417.6,104,37,37.05,36.33,36.72
EGS65571C019,6/24/2014 0:00,109094,3880981,105,36.04,36.9,34.72,35.57
EGS65571C019,6/25/2014 0:00,271625,9729269.15,153,34.25,36.4,34,35.82
EGS65571C019,6/26/2014 0:00,358202,12856345.86,282,36.39,36.39,35.5,35.89
EGS65571C019,6/29/2014 0:00,143746,5249131.11,139,35.8,37.3,35.8,36.52
EGS65571C019,6/30/2014 0:00,692330,26537689.54,328,37.3,38.58,37.3,38.33
EGS65571C019,7/2/2014 0:00,379248,14446431.47,357,37.61,38.5,37,38.09
EGS65571C019,7/3/2014 0:00,106860,4056060.85,130,38,38.2,37.7,37.96
EGS65571C019,7/6/2014 0:00,160352,6165729.16,139,38,38.9,38,38.45
EGS65571C019,7/7/2014 0:00,196313,7622197.9,189,38.5,39.3,37.9,38.83
EGS65571C019,7/8/2014 0:00,803757,31922480.54,495,38.79,40.25,38.5,39.72
EGS65571C019,7/9/2014 0:00,433058,17710834.7,397,40.1,41.5,40,40.9
EGS65571C019,7/10/2014 0:00,162719,6676239.74,247,40.4,41.75,40.4,41.03
EGS65571C019,7/13/2014 0:00,108091,4413146.08,145,40.5,41.25,40.08,40.83
EGS65571C019,7/14/2014 0:00,109158,4529992.89,160,40.75,42,40.3,41.5
EGS65571C019,7/15/2014 0:00,328452,14023820.89,410,41.6,43.25,41.6,42.7
EGS65571C019,7/16/2014 0:00,355995,15113669.47,328,42.12,43,42,42.45
EGS65571C019,7/17/2014 0:00,150476,6371364.62,152,42.83,42.83,41.96,42.34
EGS65571C019,7/20/2014 0:00,137049,5628570.48,172,41.81,42,40.74,41.07
EGS65571C019,7/21/2014 0:00,61465,2506060.47,70,41,41.38,40.56,40.77
EGS65571C019,7/22/2014 0:00,85213,3504835.02,98,40.75,41.52,40.65,41.13
EGS65571C019,7/24/2014 0:00,176989,7279424.91,168,41.4,41.4,40.99,41.13
EGS65571C019,7/27/2014 0:00,122200,4980583.74,108,41,41,40.46,40.76
EGS65571C019,7/31/2014 0:00,834130,34100450.46,306,40.61,41.59,40.3,40.88
EGS65571C019,8/3/2014 0:00,154434,6311912.48,151,41,41.25,40.4,40.87
EGS65571C019,8/4/2014 0:00,252491,10341581.85,210,41.22,41.7,40.62,40.96
EGS65571C019,8/5/2014 0:00,441664,18929938.44,451,41.5,43.74,41.49,42.86
EGS65571C019,8/6/2014 0:00,703755,31327689.67,623,43,46,43,44.52
EGS65571C019,8/7/2014 0:00,211677,9502546.77,255,45.5,45.98,44.2,44.89
EGS65571C019,8/10/2014 0:00,55682,2503912.43,96,44.6,45.3,44.21,44.97
EGS65571C019,8/11/2014 0:00,291264,13308756.2,275,45,46.19,44.8,45.69
EGS65571C019,8/12/2014 0:00,309383,14436617.89,352,46.45,47.5,45.5,46.66
EGS65571C019,8/13/2014 0:00,332413,15312489.47,364,47,47,45.61,46.06
EGS65571C019,8/14/2014 0:00,365371,17037366.94,592,45.56,47.4,45.56,46.63
EGS65571C019,8/17/2014 0:00,262807,12455804.61,359,47,48.1,46.01,47.4
EGS65571C019,8/18/2014 0:00,263110,12373859.34,241,46.02,47.99,46.02,47.03
EGS65571C019,8/19/2014 0:00,720089,34447957.09,619,46.6,48.58,46,47.84
EGS65571C019,8/20/2014 0:00,518385,25126683.55,599,48,49.8,46.5,48.47
EGS65571C019,8/21/2014 0:00,293853,13704430.8,328,46.01,47.5,46,46.64
EGS65571C019,8/24/2014 0:00,270405,12739151.21,326,46.5,48,46.3,47.11
EGS65571C019,8/25/2014 0:00,234756,10758441.59,331,47.01,47.52,45.11,45.83
EGS65571C019,8/26/2014 0:00,426139,19312883.56,447,45.4,46.75,44.91,45.32
EGS65571C019,8/27/2014 0:00,219318,9836496.33,294,45.33,45.7,44.15,44.85
EGS65571C019,8/28/2014 0:00,142433,6456198.15,195,44.25,45.97,44.25,45.33
EGS65571C019,8/31/2014 0:00,135610,6127630.4,144,45.99,46.4,44.6,45.19
EGS65571C019,9/1/2014 0:00,150462,6785653.84,242,45.2,45.8,44.06,45.1
EGS65571C019,9/2/2014 0:00,241626,11187945.86,261,45.6,46.99,45.56,46.3
EGS65571C019,9/3/2014 0:00,226888,10387543.78,256,46.49,46.49,45.35,45.78
EGS65571C019,9/4/2014 0:00,388026,17666450.69,309,45.88,46.17,45,45.53
EGS65571C019,9/7/2014 0:00,214799,9692325.18,220,45.42,46,44.5,45.12
EGS65571C019,9/8/2014 0:00,286037,12720523.4,349,44.5,45.8,43,44.47
EGS65571C019,9/9/2014 0:00,388549,16607980.54,376,44.25,44.29,42,42.74
EGS65571C019,9/10/2014 0:00,783570,33931401.07,574,43.59,44.02,42.4,43.3
EGS65571C019,9/11/2014 0:00,248240,10737360.38,279,43,44,42,43.25
EGS65571C019,9/14/2014 0:00,219910,9523951.52,281,44.35,44.92,42.39,43.31
EGS65571C019,9/15/2014 0:00,516189,22189470.07,490,42.89,43.5,42.3,42.99
EGS65571C019,9/16/2014 0:00,358355,15659009.03,406,43.98,44.25,43,43.7
EGS65571C019,9/17/2014 0:00,1134176,48901680.63,908,43.38,43.85,42.5,43.12
EGS65571C019,9/18/2014 0:00,1637865,75154621.76,1428,43.74,47.43,43.74,45.89
EGS65571C019,9/21/2014 0:00,836658,40064554.57,1062,48.12,48.87,46.53,47.89
EGS65571C019,9/22/2014 0:00,1506822,73254956.79,1454,47.1,50,46.99,48.62
EGS65571C019,9/23/2014 0:00,582223,28211250.55,748,48.7,49.5,47.7,48.45
EGS65571C019,9/24/2014 0:00,674806,31987462.45,780,48.25,48.6,46.51,47.4
EGS65571C019,9/25/2014 0:00,752230,35375365.92,887,47,48.14,45.08,47.03
EGS65571C019,9/28/2014 0:00,531832,24464535.3,753,46,46.73,45.14,46
EGS65571C019,9/29/2014 0:00,624687,29159261.21,797,47.2,47.5,46.05,46.68
EGS65571C019,9/30/2014 0:00,425081,19497222.97,629,46.25,46.7,45.14,45.87
EGS65571C019,10/1/2014 0:00,351003,15966650.85,441,45.44,46,44.8,45.49
EGS65571C019,10/2/2014 0:00,402367,18615399.53,561,45.96,46.87,45.5,46.26
EGS65571C019,10/8/2014 0:00,259694,11871664.5,389,46.68,46.7,45.01,45.71
EGS65571C019,10/9/2014 0:00,147698,6733002.14,255,45.75,45.96,45.1,45.59
EGS65571C019,10/12/2014 0:00,596689,25874187.35,673,45,45.15,41.77,43.36
EGS65571C019,10/13/2014 0:00,431046,18208863.69,629,42.9,43.1,41.5,42.24
EGS65571C019,10/14/2014 0:00,659313,26387265.61,809,41.3,42.28,38.52,40.02
EGS65571C019,10/15/2014 0:00,227289,9042294.64,397,40.49,40.9,39.11,39.78
EGS65571C019,10/16/2014 0:00,641213,24227324.11,726,38.62,39.4,36.04,37.78
EGS65571C019,10/19/2014 0:00,415562,15415468.47,554,38.25,40,35.66,37.1
EGS65571C019,10/20/2014 0:00,337413,12737300.95,508,37,38.75,36.51,37.75
EGS65571C019,10/21/2014 0:00,291492,11147589.55,354,37.66,38.88,37.56,38.24
EGS65571C019,10/22/2014 0:00,520338,20593334.54,707,38.99,40.75,38.4,39.58
EGS65571C019,10/23/2014 0:00,633607,25526426.93,886,40,41.09,39.5,40.29
EGS65571C019,10/26/2014 0:00,271608,10751837.6,398,40.01,40.5,38.73,39.59
EGS65571C019,10/27/2014 0:00,607076,23298678.09,716,39,39.69,37.49,38.38
EGS65571C019,10/28/2014 0:00,398361,15420466.44,478,37.98,39.8,37.7,38.71
EGS65571C019,10/29/2014 0:00,1432982,56593142.31,1356,39.7,40.4,38.86,39.49
EGS65571C019,10/30/2014 0:00,989810,40353449.79,1054,40.26,41.69,39.8,40.77
EGS65571C019,11/2/2014 0:00,1364686,57319217.15,1270,41.5,42.51,41.19,42
EGS65571C019,11/3/2014 0:00,478333,20237315.16,646,42.25,42.7,41.9,42.31
EGS65571C019,11/4/2014 0:00,886553,38129280.42,954,42.32,43.79,42.15,43.01
EGS65571C019,11/5/2014 0:00,340030,14535026.65,451,42.25,43.3,42,42.75
EGS65571C019,11/6/2014 0:00,412017,17379948.99,552,43,43.38,41.3,42.18
EGS65571C019,11/9/2014 0:00,168957,7081934.5,285,42.17,42.45,41.5,41.92
EGS65571C019,11/10/2014 0:00,724267,31174818.85,772,41.96,43.91,41.5,43.04
EGS65571C019,11/11/2014 0:00,888118,39359544.09,996,44.4,45.15,43.64,44.32
EGS65571C019,11/12/2014 0:00,410605,17741301.98,510,43.78,44,42.46,43.21
EGS65571C019,11/13/2014 0:00,436613,18628324.9,577,42.63,43.05,42,42.67
EGS65571C019,11/16/2014 0:00,110105,4706857.59,191,43.4,43.4,42.2,42.75
EGS65571C019,11/17/2014 0:00,260718,10961535.56,339,42.18,42.79,41.5,42.04
EGS65571C019,11/18/2014 0:00,160081,6751391.79,248,42.19,42.6,41.77,42.17
EGS65571C019,11/19/2014 0:00,338414,14376370.17,461,42.38,42.99,42,42.48
EGS65571C019,11/20/2014 0:00,226797,9596415.16,294,42.88,43.2,42,42.31
EGS65571C019,11/23/2014 0:00,390358,16756053.72,516,42.45,43.5,42.2,42.92
EGS65571C019,11/24/2014 0:00,237154,10083189.19,342,43.4,43.47,42.01,42.52
EGS65571C019,11/25/2014 0:00,710453,30669325.08,702,42.8,43.65,42.4,43.17
EGS65571C019,11/26/2014 0:00,499300,21829592.51,566,43.79,43.95,43.25,43.72
EGS65571C019,11/27/2014 0:00,939776,32256965.06,963,33.8,34.9,33.55,34.32
EGS65571C019,11/30/2014 0:00,395619,13327237.67,457,34.69,34.69,33.12,33.69
EGS65571C019,12/1/2014 0:00,383490,12630030.46,435,33.66,33.74,32.62,32.93
EGS65571C019,12/2/2014 0:00,222632,7209490.61,344,32.9,33.2,31.81,32.38
EGS65571C019,12/3/2014 0:00,286624,9399576.83,372,32.03,33.39,31.88,32.79
EGS65571C019,12/4/2014 0:00,670074,22599557.45,687,33.4,33.99,33.36,33.73
EGS65571C019,12/7/2014 0:00,221308,7428897.1,264,33.69,33.9,33.08,33.57
EGS65571C019,12/8/2014 0:00,789222,26692124.09,640,33.4,34.2,33,33.82
EGS65571C019,12/9/2014 0:00,983895,32854291.25,947,33.64,34.25,32.6,33.39
EGS65571C019,12/10/2014 0:00,168454,5515057.83,287,32.77,33.32,32.18,32.74
EGS65571C019,12/11/2014 0:00,542960,17213242.18,528,32.03,32.39,31.12,31.7
EGS65571C019,12/14/2014 0:00,528016,15367586.36,539,31,31,28.53,29.1
EGS65571C019,12/15/2014 0:00,558027,16329457.49,529,29.25,30,28.83,29.26
EGS65571C019,12/16/2014 0:00,452053,12557756.47,420,28.99,28.99,27,27.78
EGS65571C019,12/17/2014 0:00,500620,12892932.43,498,27.99,28.93,25.01,25.75
EGS65571C019,12/18/2014 0:00,342467,9208000.39,418,26.6,27.48,26.25,26.89
EGS65571C019,12/21/2014 0:00,864967,24763192.61,678,27.7,29.23,27.7,28.63
EGS65571C019,12/22/2014 0:00,662175,19401855.29,590,28.59,29.87,28.4,29.3
EGS65571C019,12/23/2014 0:00,684063,20519337.34,666,29.9,30.5,29.31,30
EGS65571C019,12/24/2014 0:00,223193,6674764.32,328,30.01,30.7,29.3,29.91
EGS65571C019,12/25/2014 0:00,137423,4082080,186,29.5,30.27,29.16,29.7
EGS65571C019,12/28/2014 0:00,2110240,62655380.11,186,29.7,29.96,29.18,29.69
EGS65571C019,12/29/2014 0:00,237478,7166121.81,303,29.7,30.5,29.61,30.18
EGS65571C019,12/30/2014 0:00,229325,6867607.4,341,30,30.45,29.51,29.95
EGS65571C019,12/31/2014 0:00,422165,12538121.22,353,29.9,30.05,29.22,29.7
EGS65571C019,1/4/2015 0:00,94331,2802302.27,138,29.73,30,29.42,29.71
EGS65571C019,1/5/2015 0:00,89295,2648891.27,149,29.9,30,29.31,29.66
EGS65571C019,1/6/2015 0:00,249936,7160063.12,348,29,29.35,28,28.65
EGS65571C019,1/8/2015 0:00,127982,3751434.96,174,29.68,29.7,29,29.31
EGS65571C019,1/11/2015 0:00,42098,1224656.07,105,29.5,29.5,28.81,29.09
EGS65571C019,1/12/2015 0:00,423424,12664039.23,616,29,30.18,29,29.91
EGS65571C019,1/13/2015 0:00,731937,22492918.42,713,29.52,31.56,29.5,31.05
EGS65571C019,1/14/2015 0:00,786211,24961374.54,1402,31.25,32.15,31,31.75
EGS65571C019,1/15/2015 0:00,799008,26099493.18,797,31.57,33.5,31.3,32.66
EGS65571C019,1/18/2015 0:00,635461,21417954.32,754,32.9,34.18,32.8,33.7
EGS65571C019,1/19/2015 0:00,727247,24805497.46,818,33.62,34.6,33.42,34.11
EGS65571C019,1/20/2015 0:00,650278,22418279.17,765,34.6,35,33.51,34.47
EGS65571C019,1/21/2015 0:00,468331,15885286.94,466,33.8,34.1,33.44,33.92
EGS65571C019,1/22/2015 0:00,519841,17523366.14,563,34.04,34.55,33.27,33.71
EGS65571C019,1/26/2015 0:00,594688,20024974.75,546,33.51,34.42,33.27,33.67
EGS65571C019,1/27/2015 0:00,1275183,45096133.08,1059,34.45,35.97,34.25,35.36
EGS65571C019,1/28/2015 0:00,599363,21381868.7,790,35.25,36.11,35.01,35.67
EGS65571C019,1/29/2015 0:00,338910,11906337.16,498,35.31,35.7,34.8,35.13
EGS65571C019,2/1/2015 0:00,222080,7663732.83,380,34.8,35,34.2,34.51
EGS65571C019,2/2/2015 0:00,264914,9203266.91,342,34.99,35.3,34.3,34.74
EGS65571C019,2/3/2015 0:00,647890,23190077.51,749,35.19,36.19,35,35.79
EGS65571C019,2/4/2015 0:00,742385,27023259.76,811,35.83,36.8,35.8,36.4
EGS65571C019,2/5/2015 0:00,431806,15728851.46,499,36,36.9,35.81,36.43
EGS65571C019,2/8/2015 0:00,321341,11793741.14,378,36.56,37,36.15,36.7
EGS65571C019,2/9/2015 0:00,227789,8221986.77,368,36.24,36.65,35.87,36.09
EGS65571C019,2/10/2015 0:00,180614,6495177.51,372,36,36.46,35.3,35.96
EGS65571C019,2/11/2015 0:00,99819,3512273,213,36,36.25,34.41,35.19
EGS65571C019,2/12/2015 0:00,180627,6378859.71,226,35,35.7,34.7,35.32
EGS65571C019,2/15/2015 0:00,128248,4613464.11,202,35.88,36.38,35.58,35.97
EGS65571C019,2/16/2015 0:00,248628,8662491.26,411,35.25,35.77,34.45,34.84
EGS65571C019,2/17/2015 0:00,476877,16185994.8,425,35.16,35.25,32.89,33.94
EGS65571C019,2/18/2015 0:00,201114,7026071.59,236,34.67,35.21,34.4,34.94
EGS65571C019,2/19/2015 0:00,346651,11983220.58,326,35,35.1,33.82,34.57
EGS65571C019,2/22/2015 0:00,60245,2098645.25,102,34.67,35,34.5,34.84
EGS65571C019,2/23/2015 0:00,147934,5176718.59,284,35.07,35.7,34.4,34.99
EGS65571C019,2/24/2015 0:00,64845,2244012.85,121,34.98,35.25,34.04,34.61
EGS65571C019,2/25/2015 0:00,84202,2862637.76,141,34.4,34.75,33.6,34
EGS65571C019,2/26/2015 0:00,284448,9712541.01,372,34,34.8,33.5,34.15
EGS65571C019,3/1/2015 0:00,376854,12958739.7,387,34.99,35.1,34,34.39
EGS65571C019,3/2/2015 0:00,149686,5268176.46,263,34.95,35.5,34.82,35.19
EGS65571C019,3/3/2015 0:00,427090,15054657.19,545,35.11,35.69,34.83,35.25
EGS65571C019,3/4/2015 0:00,348738,12212024.42,359,35,35.35,34.81,35.02
EGS65571C019,3/5/2015 0:00,345536,12268335.2,366,35.3,35.8,35.21,35.51
EGS65571C019,3/8/2015 0:00,562475,20411778.8,507,35.51,36.66,35.25,36.29
EGS65571C019,3/9/2015 0:00,429943,15786431.58,397,36.27,36.97,36.2,36.72
EGS65571C019,3/10/2015 0:00,512729,18851477.98,498,36.63,37.4,35.73,36.77
EGS65571C019,3/11/2015 0:00,219905,7856090.21,266,35.91,36.25,35.5,35.72
EGS65571C019,3/12/2015 0:00,163621,5822380.42,209,35.99,36.2,35.32,35.58
EGS65571C019,3/15/2015 0:00,235605,8469379.58,272,36.99,37,35.05,35.95
EGS65571C019,3/16/2015 0:00,363645,12672313.89,393,35.1,35.8,34.5,34.85
EGS65571C019,3/17/2015 0:00,164738,5801114.01,225,34.54,35.7,34.53,35.21
EGS65571C019,3/18/2015 0:00,156123,5394817.31,241,34.66,34.88,34.12,34.55
EGS65571C019,3/19/2015 0:00,201299,7030935.07,171,34.99,35.2,34.53,34.93
EGS65571C019,3/22/2015 0:00,212421,7272766.56,309,34.33,34.66,33.9,34.24
EGS65571C019,3/23/2015 0:00,125104,4321052.45,158,34.01,35,33.98,34.54
EGS65571C019,3/24/2015 0:00,239354,8181870.94,235,34.62,34.62,34,34.18
EGS65571C019,3/25/2015 0:00,431906,14500113.04,351,34.42,34.44,33.32,33.57
EGS65571C019,3/26/2015 0:00,364743,11880027.47,440,33,33,32.17,32.57
EGS65571C019,3/29/2015 0:00,96243,3114935.51,142,33,33.24,31.9,32.37
EGS65571C019,3/30/2015 0:00,519153,17365953.43,450,31.9,33.95,30.01,33.45
EGS65571C019,3/31/2015 0:00,658189,22823631.72,500,33.94,34.94,33.94,34.68
EGS65571C019,4/1/2015 0:00,355017,12154833.13,452,34.49,35.44,33.47,34.24
EGS65571C019,4/2/2015 0:00,435810,14318919.79,495,33.33,34.5,31.82,32.86
EGS65571C019,4/5/2015 0:00,267294,8553818.33,320,32.86,33,31.36,32
EGS65571C019,4/6/2015 0:00,298346,9428325.49,305,32.58,32.78,30.51,31.6
EGS65571C019,4/7/2015 0:00,255021,8198468.69,282,32.26,32.89,31.06,32.15
EGS65571C019,4/8/2015 0:00,296353,9514369.08,355,31.05,32.67,30.03,32.1
EGS65571C019,4/9/2015 0:00,129847,4179022.85,176,32.49,32.49,31.85,32.18
EGS65571C019,4/14/2015 0:00,176075,5752745.56,308,32.5,32.95,32.3,32.67
EGS65571C019,4/15/2015 0:00,357049,11687591.41,387,32.9,33.27,32.13,32.73
EGS65571C019,4/16/2015 0:00,109573,3583751.19,193,32.75,32.92,32.2,32.71
EGS65571C019,4/19/2015 0:00,228148,7473706.54,310,32.7,33.42,32.14,32.76
EGS65571C019,4/20/2015 0:00,142510,4563632.41,150,32,32.55,31.8,32.02
EGS65571C019,4/21/2015 0:00,258239,8331640.76,302,32.46,32.8,31.81,32.26
EGS65571C019,4/22/2015 0:00,125793,4081742.22,162,32.02,32.89,31.85,32.45
EGS65571C019,4/23/2015 0:00,142358,4789547.5,101,32.8,32.88,32.42,32.62
EGS65571C019,4/26/2015 0:00,74406,2399719.89,121,32.32,32.68,32.05,32.25
EGS65571C019,4/27/2015 0:00,320123,10023291.71,275,32.24,32.35,30.83,31.31
EGS65571C019,4/28/2015 0:00,234555,7194468.7,210,30.67,31,30,30.67
EGS65571C019,4/29/2015 0:00,378670,11910496.3,370,31.37,32.54,30.4,31.45
EGS65571C019,4/30/2015 0:00,343491,11221697.16,313,32.1,32.84,32.1,32.67
EGS65571C019,5/3/2015 0:00,435583,14325915.65,497,32.5,33.25,32,32.89
EGS65571C019,5/4/2015 0:00,422910,11486151.66,476,26,27.6,26,27.16
EGS65571C019,5/5/2015 0:00,741214,20918930.15,565,27.77,28.48,27.77,28.22
EGS65571C019,5/6/2015 0:00,360863,10072896.95,362,28.59,28.59,27.55,27.91
EGS65571C019,5/7/2015 0:00,248437,6871145.11,266,27.99,28.13,27.45,27.66
EGS65571C019,5/10/2015 0:00,121740,3387662.12,162,27.73,27.98,27.55,27.83
EGS65571C019,5/11/2015 0:00,151125,4177298.21,180,27.97,28.1,27.5,27.64
EGS65571C019,5/12/2015 0:00,87106,2401809.98,135,27.85,27.98,27.26,27.57
EGS65571C019,5/13/2015 0:00,244618,6580349.85,240,27.32,27.46,26.5,26.9
EGS65571C019,5/14/2015 0:00,335954,8856189.68,252,27,27.17,25.56,26.36
EGS65571C019,5/17/2015 0:00,93484,2469413.46,158,26.3,27.25,25.8,26.42
EGS65571C019,5/18/2015 0:00,586307,16912436.47,564,26.9,29.06,26.9,28.85
EGS65571C019,5/19/2015 0:00,668212,19298003.7,573,29.7,29.7,28.4,28.88
EGS65571C019,5/20/2015 0:00,335196,9615552.14,247,28.2,28.95,28.13,28.69
EGS65571C019,5/21/2015 0:00,1117522,33596836.51,890,29,30.7,28.99,30.06
EGS65571C019,5/24/2015 0:00,204279,6244724.54,299,30.1,30.99,30,30.57
EGS65571C019,5/25/2015 0:00,591218,17743366.01,553,30.3,30.44,29.8,30.01
EGS65571C019,5/26/2015 0:00,452926,13975857.41,397,30.42,31.4,30.42,30.86
EGS65571C019,5/27/2015 0:00,735210,22935008.82,646,30.9,31.66,30.25,31.2
EGS65571C019,5/28/2015 0:00,616401,19633384,557,31.5,32.1,31.28,31.85
EGS65571C019,5/31/2015 0:00,394993,12173684.91,481,31.17,31.65,30.33,30.82
EGS65571C019,6/1/2015 0:00,376082,11405718.91,399,30.6,31.25,30,30.33
EGS65571C019,6/2/2015 0:00,349794,10676613.39,317,29.81,30.76,29.81,30.52
EGS65571C019,6/3/2015 0:00,711725,22470572.35,786,30.59,32.1,30.59,31.57
EGS65571C019,6/4/2015 0:00,391412,12203224.89,523,31.5,31.94,30.6,31.18
EGS65571C019,6/7/2015 0:00,217474,6733172.18,315,30.7,31.4,30.5,30.96
EGS65571C019,6/8/2015 0:00,468028,14116681.84,514,30.65,30.82,29.66,30.16
EGS65571C019,6/9/2015 0:00,197941,5947411.45,287,29.65,30.45,29.55,30.05
EGS65571C019,6/10/2015 0:00,251614,7556252.68,353,30.5,30.6,29.7,30.03
EGS65571C019,6/11/2015 0:00,212127,6282496.54,364,29.76,30,29.45,29.62
EGS65571C019,6/14/2015 0:00,318155,9138088.11,370,29.9,29.9,28.5,28.72
EGS65571C019,6/15/2015 0:00,390117,11046464,518,28.9,29.2,28,28.32
EGS65571C019,6/16/2015 0:00,278239,8015383,387,28.35,29.01,28.35,28.81
EGS65571C019,6/17/2015 0:00,178466,5166246.85,240,29,29.1,28.7,28.95
EGS65571C019,6/18/2015 0:00,157016,4543813.58,218,28.76,29.01,28.7,28.94
EGS65571C019,6/21/2015 0:00,87635,2498914.59,132,28.92,28.92,28.25,28.52
EGS65571C019,6/22/2015 0:00,224989,6382649.6,255,28.9,28.9,28.22,28.37
EGS65571C019,6/23/2015 0:00,231052,6452242.2,334,28.18,28.4,27.66,27.93
EGS65571C019,6/24/2015 0:00,231113,6470768.77,350,28.28,28.31,27.7,28
EGS65571C019,6/25/2015 0:00,743074,20805328.92,500,27.81,28.7,27.4,28
EGS65571C019,6/28/2015 0:00,285771,8231705.2,302,28.9,29,28.31,28.81
EGS65571C019,6/29/2015 0:00,312736,8843356.78,256,28.6,28.61,28,28.28
EGS65571C019,7/2/2015 0:00,2018099,55704224.02,346,27.27,28.01,27.2,27.6
EGS65571C019,7/5/2015 0:00,162916,4415345.22,193,27.98,27.99,25.01,27.1
EGS65571C019,7/6/2015 0:00,134509,3506634.36,175,25.61,27,25.05,26.07
EGS65571C019,7/7/2015 0:00,476455,11911453.57,438,26.15,26.2,24.5,25
EGS65571C019,7/8/2015 0:00,202584,5052335.32,257,25,25.6,24.41,24.94
EGS65571C019,7/9/2015 0:00,354113,8812499.69,265,25.05,25.48,24.3,24.89
EGS65571C019,7/12/2015 0:00,280643,6860137.51,296,25,25.37,23.55,24.44
EGS65571C019,7/13/2015 0:00,293435,6800123.5,387,24.3,24.4,22.52,23.17
EGS65571C019,7/14/2015 0:00,329925,7838564.22,318,23.5,24,23.42,23.76
EGS65571C019,7/15/2015 0:00,433116,10543035.66,472,23.99,24.74,23.96,24.34
EGS65571C019,7/16/2015 0:00,284661,7044564.63,275,24.57,25,24.41,24.75
EGS65571C019,7/21/2015 0:00,345909,8752501.17,322,25,25.67,24.9,25.3
EGS65571C019,7/22/2015 0:00,212797,5363203.82,223,25,25.42,24.86,25.2
EGS65571C019,7/26/2015 0:00,243579,6050725.65,287,25.5,25.64,24,24.84
EGS65571C019,7/27/2015 0:00,209179,5012753.62,224,24.37,24.37,23.7,23.96
EGS65571C019,7/28/2015 0:00,245973,5974567.95,243,24,24.5,24,24.29
EGS65571C019,7/29/2015 0:00,357120,8861534.29,413,24.46,25.16,24.46,24.81
EGS65571C019,7/30/2015 0:00,356197,8915989.05,422,25.1,25.33,24.61,25.03
EGS65571C019,8/2/2015 0:00,356235,8811514.75,427,25,25.29,24.13,24.74
EGS65571C019,8/3/2015 0:00,277224,6729914.63,334,24.6,24.7,24,24.28
EGS65571C019,8/4/2015 0:00,382147,9407386.72,398,24.42,24.9,24.31,24.62
EGS65571C019,8/5/2015 0:00,315892,7611320.27,456,24.69,24.77,23.77,24.09
EGS65571C019,8/9/2015 0:00,300776,6963283.88,346,23.9,23.9,22.86,23.15
EGS65571C019,8/10/2015 0:00,359175,8301360.94,381,22.9,23.39,22.86,23.11
EGS65571C019,8/11/2015 0:00,481048,11217000.59,439,23.57,23.6,23,23.32
EGS65571C019,8/12/2015 0:00,479062,10836224.34,533,22.99,22.99,22.41,22.62
EGS65571C019,8/13/2015 0:00,421134,9387273.34,483,22.61,22.7,21.81,22.29
EGS65571C019,8/16/2015 0:00,263924,5673915.96,292,21.91,22.01,20.61,21.5
EGS65571C019,8/17/2015 0:00,406806,8867467.12,408,21.4,22.35,20.7,21.8
EGS65571C019,8/18/2015 0:00,386838,8204686.25,522,22.01,22.05,20.9,21.21
EGS65571C019,8/19/2015 0:00,243344,5175063.78,308,21.21,21.87,20.8,21.27
EGS65571C019,8/20/2015 0:00,520789,11040628.84,625,21.16,21.57,20.92,21.2
EGS65571C019,8/23/2015 0:00,569153,11257172.08,683,20.65,20.65,19.11,19.78
EGS65571C019,8/24/2015 0:00,570620,10741296.12,437,19.1,20,17.81,18.82
EGS65571C019,8/25/2015 0:00,328248,6259627.04,349,18.49,19.44,18.49,19.07
EGS65571C019,8/26/2015 0:00,268402,5058400.03,273,19.13,19.18,18.5,18.85
EGS65571C019,8/27/2015 0:00,456112,8952321.2,489,19.53,19.86,19.4,19.63
EGS65571C019,8/30/2015 0:00,897567,18241253.16,699,19.87,20.75,19.87,20.32
EGS65571C019,8/31/2015 0:00,779265,16593598.32,716,20.25,22.2,19.95,21.29
EGS65571C019,9/1/2015 0:00,483295,10398643.13,441,21.6,22.2,21.06,21.52
EGS65571C019,9/2/2015 0:00,721701,15243653.12,540,21.08,21.5,20.63,21.12
EGS65571C019,9/3/2015 0:00,167417,3576244.64,219,21.49,21.94,21.05,21.36
EGS65571C019,9/6/2015 0:00,162428,3396901,193,21.33,21.4,20.54,20.91
EGS65571C019,9/7/2015 0:00,375220,7621457.46,442,20.99,21.2,19.3,20.31
EGS65571C019,9/8/2015 0:00,328107,6261177.03,387,19.65,19.99,18.56,19.08
EGS65571C019,9/9/2015 0:00,201390,3903994.41,257,19.6,19.7,19.09,19.39
EGS65571C019,9/10/2015 0:00,138295,2649118.86,181,19.12,19.46,18.81,19.16
EGS65571C019,9/13/2015 0:00,98198,1912066.55,159,19.29,19.88,19.21,19.47
EGS65571C019,9/14/2015 0:00,258313,5105110.24,292,19.49,19.98,19.4,19.76
EGS65571C019,9/15/2015 0:00,414276,8185510.86,299,19.88,20.05,19.52,19.76
EGS65571C019,9/16/2015 0:00,479829,9852291.07,400,20.17,20.88,20.05,20.53
EGS65571C019,9/17/2015 0:00,2725008,56631927.95,653,20.66,21.31,20.66,20.78
EGS65571C019,9/20/2015 0:00,360158,7729323.16,327,21,21.68,21,21.46
EGS65571C019,9/21/2015 0:00,666237,14687601.63,530,21.3,22.46,21.3,22.05
EGS65571C019,9/22/2015 0:00,654990,14628023.93,326,22.39,22.7,22.06,22.33
EGS65571C019,9/28/2015 0:00,232615,5226018.18,159,22.65,22.69,22.09,22.47
EGS65571C019,9/29/2015 0:00,650968,14465777.22,415,22.03,22.5,22,22.22
EGS65571C019,9/30/2015 0:00,229756,5100975.49,196,22.19,22.51,22,22.2
EGS65571C019,10/1/2015 0:00,250817,5587551.42,249,22.11,22.6,22.06,22.28
EGS65571C019,10/4/2015 0:00,80353,1740531.33,114,22.19,22.25,21.31,21.66
EGS65571C019,10/5/2015 0:00,391027,8340112.92,342,21.83,21.98,21,21.33
EGS65571C019,10/7/2015 0:00,277560,5989351.89,266,21.4,21.8,21.4,21.58
EGS65571C019,10/8/2015 0:00,503825,11058100.38,433,21.9,22.18,21.65,21.95
EGS65571C019,10/11/2015 0:00,317468,7032421.05,359,22,22.49,21.64,22.15
EGS65571C019,10/12/2015 0:00,1479038,34261575.57,1008,22.4,23.7,22.4,23.16
EGS65571C019,10/13/2015 0:00,1029521,23825021.49,1063,23.06,23.35,22.91,23.14
EGS65571C019,10/15/2015 0:00,442125,10128464.42,629,23.29,23.3,22.21,22.91
EGS65571C019,10/18/2015 0:00,205785,4666389.16,257,22.62,22.94,22.5,22.68
EGS65571C019,10/19/2015 0:00,818612,19413270.27,803,22.8,24.6,22.72,23.71
EGS65571C019,10/20/2015 0:00,510371,12128214.28,578,24.48,24.5,23.4,23.76
EGS65571C019,10/21/2015 0:00,397317,9551742.41,513,23.5,24.32,23.5,24.04
EGS65571C019,10/22/2015 0:00,336203,7926287.08,358,23.83,24,23.4,23.58
EGS65571C019,10/25/2015 0:00,663252,16122796.85,615,23.99,24.7,23.72,24.31
EGS65571C019,10/26/2015 0:00,547447,13312181.88,512,24.25,24.67,24,24.32
EGS65571C019,10/27/2015 0:00,393247,9771165.9,383,24.79,25.2,24.27,24.85
EGS65571C019,10/28/2015 0:00,492889,11873455.73,446,24.68,24.69,23.81,24.09
EGS65571C019,10/29/2015 0:00,354112,8556466.64,392,24.48,24.5,23.93,24.16
EGS65571C019,11/1/2015 0:00,210080,4930591.95,289,23.93,24.28,23.01,23.47
EGS65571C019,11/2/2015 0:00,266511,6339879.06,269,23.39,24.1,23.39,23.79
EGS65571C019,11/3/2015 0:00,425751,10313982.02,409,24.22,24.6,23.85,24.23
EGS65571C019,11/4/2015 0:00,115360,2781139.6,139,24,24.26,23.85,24.11
EGS65571C019,11/5/2015 0:00,484931,11966258.01,420,24.3,24.99,24.25,24.68
EGS65571C019,11/8/2015 0:00,333464,7982187.76,294,24.06,24.35,23.33,23.94
EGS65571C019,11/9/2015 0:00,258055,6009604.5,292,23.57,23.99,22.6,23.29
EGS65571C019,11/10/2015 0:00,560058,12357606.51,399,23.05,23.12,21.46,22.06
EGS65571C019,11/11/2015 0:00,308432,6772495.83,359,21.72,22.34,21.51,21.96
EGS65571C019,11/12/2015 0:00,245079,5511297.39,258,22.5,22.9,22.27,22.49
EGS65571C019,11/15/2015 0:00,222030,4680120.81,261,21.85,21.85,20.5,21.08
EGS65571C019,11/16/2015 0:00,209884,4492410.1,317,21.5,21.67,20.68,21.4
EGS65571C019,11/17/2015 0:00,296497,6384585.09,410,21.86,22.09,21,21.53
EGS65571C019,11/18/2015 0:00,215787,4813353.27,309,21.5,22.9,21.4,22.31
EGS65571C019,11/19/2015 0:00,283588,6536844.37,314,22.96,23.4,22.8,23.05
EGS65571C019,11/22/2015 0:00,428694,9906524.16,447,22.88,23.5,22.88,23.11
EGS65571C019,11/23/2015 0:00,256422,5815342.64,323,23.09,23.25,22.25,22.68
EGS65571C019,11/24/2015 0:00,217408,4897418.8,222,22.25,22.8,22.23,22.53
EGS65571C019,11/25/2015 0:00,297489,6724879.49,333,22.85,22.9,22.11,22.61
EGS65571C019,11/26/2015 0:00,83087,1873118.01,155,22.6,22.85,22.35,22.54
EGS65571C019,11/29/2015 0:00,91991,2068909.76,178,22.6,22.71,22.33,22.49
EGS65571C019,11/30/2015 0:00,158679,3498577.65,212,22.4,22.5,21.8,22.05
EGS65571C019,12/1/2015 0:00,95892,2149509.58,143,21.77,22.61,21.77,22.42
EGS65571C019,12/2/2015 0:00,445411,10370656.55,408,22.64,23.55,22.64,23.28
EGS65571C019,12/3/2015 0:00,369402,8730932.52,436,23.68,24.1,23.2,23.64
EGS65571C019,12/6/2015 0:00,286861,6849159.47,275,23.2,24.23,23.06,23.88
EGS65571C019,12/7/2015 0:00,431562,10379722.41,473,24.37,24.7,23.65,24.05
EGS65571C019,12/8/2015 0:00,157597,3748949.21,192,23.7,24,23.36,23.79
EGS65571C019,12/9/2015 0:00,102596,2455469.33,122,23.7,24.09,23.5,23.93
EGS65571C019,12/10/2015 0:00,137932,3255318.73,217,24.08,24.08,23.3,23.6
EGS65571C019,12/13/2015 0:00,184136,4229245.42,165,23.05,23.23,22.66,22.97
EGS65571C019,12/14/2015 0:00,137074,3130337.6,161,23.2,23.2,22.6,22.84
EGS65571C019,12/15/2015 0:00,160582,3740693.41,205,22.99,23.46,22.93,23.29
EGS65571C019,12/16/2015 0:00,459629,10943361.49,425,23.5,24.25,23.3,23.81
EGS65571C019,12/17/2015 0:00,478658,11751368.46,457,24.28,25,24.11,24.55
EGS65571C019,12/20/2015 0:00,334872,8299422.43,340,24.24,25.01,24.14,24.78
EGS65571C019,12/21/2015 0:00,374718,9305870.63,408,24.5,25.02,24.28,24.83
EGS65571C019,12/22/2015 0:00,808884,20590101.65,755,24.79,26.19,24.72,25.45
EGS65571C019,12/24/2015 0:00,269362,7094268.31,430,26.2,26.64,26.07,26.34
EGS65571C019,12/27/2015 0:00,289739,7568507.86,327,26.45,26.79,25.82,26.12
EGS65571C019,12/28/2015 0:00,329755,8530326.99,412,25.81,26.37,25.7,25.87
EGS65571C019,12/29/2015 0:00,983555,25989201.79,730,25.98,27.4,25.66,26.42
EGS65571C019,12/30/2015 0:00,304293,8362869.17,379,27.49,27.79,27.07,27.48
EGS65571C019,12/31/2015 0:00,277369,7608715.31,324,27.44,27.68,27.2,27.43
EGS65571C019,1/3/2016 0:00,332511,9322666.38,463,27.35,28.5,27.3,28.04
EGS65571C019,1/4/2016 0:00,734794,20107044.37,617,28.15,28.15,27,27.36
EGS65571C019,1/5/2016 0:00,417765,11441190.94,421,27.15,27.94,26.85,27.39
EGS65571C019,1/6/2016 0:00,242797,6610720.1,216,27,27.5,26.8,27.23
EGS65571C019,1/10/2016 0:00,199842,5373607.78,296,26.75,27.14,26.6,26.89
EGS65571C019,1/11/2016 0:00,273975,7283494.72,341,27.32,27.32,26.25,26.58
EGS65571C019,1/12/2016 0:00,296531,7708703.87,417,26.11,26.48,25.5,26
EGS65571C019,1/13/2016 0:00,618296,14931180.75,595,26.04,26.3,23.4,24.15
EGS65571C019,1/14/2016 0:00,190801,4466880.48,246,23.7,24,22.7,23.41
EGS65571C019,1/17/2016 0:00,283441,6694370.34,273,22.7,24.6,21.9,23.62
EGS65571C019,1/18/2016 0:00,360270,8924250.5,340,24.6,25.1,24.4,24.77
EGS65571C019,1/19/2016 0:00,409873,10227939.03,482,25.03,25.48,24.62,24.95
EGS65571C019,1/20/2016 0:00,311322,7472297.44,293,24.4,24.4,23.75,24
EGS65571C019,1/21/2016 0:00,288573,6946387.1,345,23.75,24.3,23.63,24.07
EGS65571C019,1/24/2016 0:00,210421,5237880.67,262,24.99,25.3,24.61,24.89
EGS65571C019,1/26/2016 0:00,415407,10253198.44,380,24.5,24.99,24.31,24.68
EGS65571C019,1/27/2016 0:00,94640,2351499.06,146,24.99,25.2,24.6,24.85
EGS65571C019,1/28/2016 0:00,246298,6128530.77,309,24.99,25.3,24.55,24.88
EGS65571C019,1/31/2016 0:00,673600,16718593.29,348,25.26,25.4,24.62,24.82
EGS65571C019,2/1/2016 0:00,79452,1963651.37,126,24.7,24.98,24.47,24.71
EGS65571C019,2/2/2016 0:00,628142,15994729.75,561,24.96,25.73,24.96,25.46
EGS65571C019,2/3/2016 0:00,528769,13709846.19,575,25.18,26.25,25.15,25.93
EGS65571C019,2/4/2016 0:00,583394,10188784.97,555,17.97,17.97,17.31,17.46
EGS65571C019,2/7/2016 0:00,375888,6421831.72,349,17.3,17.3,16.99,17.08
EGS65571C019,2/8/2016 0:00,892243,15369287.9,534,17.13,17.76,17,17.23
EGS65571C019,2/9/2016 0:00,848786,14557616.05,448,17.02,17.36,16.91,17.15
EGS65571C019,2/10/2016 0:00,607212,10837880.99,405,17.6,17.95,17.6,17.85
EGS65571C019,2/11/2016 0:00,674478,11735729.71,462,17.98,18,17.02,17.4
EGS65571C019,2/14/2016 0:00,328011,5751036.44,136,17.5,17.78,17.42,17.53
EGS65571C019,2/15/2016 0:00,1523420,27055665.75,725,17.64,18.4,17.5,17.76
EGS65571C019,2/16/2016 0:00,2238740,41186915.05,502,18.25,18.5,18.02,18.4
EGS65571C019,2/17/2016 0:00,568005,10245427.11,415,18.39,18.4,17.7,18.04
EGS65571C019,2/18/2016 0:00,291943,5205599.16,235,18.09,18.12,17.7,17.83
EGS65571C019,2/21/2016 0:00,382243,6859136.61,227,17.89,18.09,17.8,17.94
EGS65571C019,2/22/2016 0:00,706151,12945502.22,517,18.01,18.59,18,18.33
EGS65571C019,2/23/2016 0:00,941166,17443952.89,551,18.59,18.7,17.73,18.53
EGS65571C019,2/24/2016 0:00,308281,5675948.52,243,18.35,18.6,18.22,18.41
EGS65571C019,2/25/2016 0:00,532441,9904494.85,418,18.35,18.75,18.35,18.6
EGS65571C019,2/28/2016 0:00,217159,4088596.55,182,18.76,18.99,18.5,18.83
EGS65571C019,2/29/2016 0:00,254124,4685798.39,236,18.85,18.85,18.1,18.44
EGS65571C019,3/1/2016 0:00,170011,3131205.35,162,18.55,18.55,18.2,18.42
EGS65571C019,3/2/2016 0:00,426605,7741791.79,341,18.58,18.69,17.87,18.15
EGS65571C019,3/3/2016 0:00,287988,5173359.26,265,18.2,18.34,17.81,17.96
EGS65571C019,3/6/2016 0:00,329412,5914349.39,286,18,18.25,17.7,17.95
EGS65571C019,3/7/2016 0:00,645387,11627394.35,641,17.88,18.3,17.6,18.02
EGS65571C019,3/8/2016 0:00,637033,11689380.88,519,18.29,18.58,18.08,18.35
EGS65571C019,3/9/2016 0:00,464954,8412739.63,399,18.2,18.34,17.97,18.09
EGS65571C019,3/10/2016 0:00,1200357,22236225.83,727,18.34,18.65,18.23,18.52
EGS65571C019,3/13/2016 0:00,153070,2812861.05,175,18.5,18.5,18.26,18.38
EGS65571C019,3/14/2016 0:00,1546866,30588453.69,841,18.65,20.21,18.65,19.77
EGS65571C019,3/15/2016 0:00,1327097,26905925.48,901,20.52,20.74,19.8,20.27
EGS65571C019,3/16/2016 0:00,595074,12252554.68,606,20.4,20.96,20.27,20.59
EGS65571C019,3/17/2016 0:00,2032538,44928979.21,1084,20.64,22.64,20.64,22.1
EGS65571C019,3/20/2016 0:00,1481681,33141150.79,1145,23,23.9,21.55,22.37
EGS65571C019,3/21/2016 0:00,537422,11966920.12,559,22,22.7,22,22.27
EGS65571C019,3/22/2016 0:00,623964,13647616.76,635,22.49,22.5,21.56,21.87
EGS65571C019,3/23/2016 0:00,812304,17828834.2,694,21.71,22.29,21.63,21.95
EGS65571C019,3/24/2016 0:00,969169,21307050.74,708,22,22.25,21.76,21.98
EGS65571C019,3/27/2016 0:00,875986,19213923.74,573,22.18,22.4,21.64,21.93
EGS65571C019,3/28/2016 0:00,1796856,39800461.83,399,21.7,22.3,21.7,22.15
EGS65571C019,3/29/2016 0:00,975379,21882971.45,641,22,22.98,22,22.44
EGS65571C019,3/30/2016 0:00,910669,20261768.55,516,22.48,22.63,21.82,22.25
EGS65571C019,3/31/2016 0:00,1581315,35279595.44,914,22.01,22.7,21.93,22.31
EGS65571C019,4/3/2016 0:00,686467,15286259.39,483,22.32,22.5,22.14,22.27
EGS65571C019,4/4/2016 0:00,1281094,29121133.26,1047,22.4,23,22.28,22.73
EGS65571C019,4/5/2016 0:00,1196460,27654533.78,1089,23.03,23.38,22.77,23.11
EGS65571C019,4/6/2016 0:00,1068129,23643746.1,897,22.9,23.2,21.25,22.14
EGS65571C019,4/7/2016 0:00,507828,11210566.75,449,21.99,22.34,21.71,22.08
EGS65571C019,4/10/2016 0:00,519261,11183196.68,463,22.24,22.27,21.2,21.54
EGS65571C019,4/11/2016 0:00,455362,9636067.84,410,21.49,21.55,20.9,21.16
EGS65571C019,4/12/2016 0:00,700566,14989020.69,601,20.8,21.87,20.75,21.4
EGS65571C019,4/13/2016 0:00,422040,9087419.68,325,21.9,21.92,21.31,21.53
EGS65571C019,4/14/2016 0:00,385013,8368097.5,320,21.4,21.95,21.33,21.73
EGS65571C019,4/17/2016 0:00,239237,5196999.63,172,21.8,21.9,21.55,21.72
EGS65571C019,4/18/2016 0:00,815051,17940729.15,565,21.82,22.29,21.61,22.01
EGS65571C019,4/19/2016 0:00,1497077,33506608.94,1272,22.02,22.6,22.02,22.38
EGS65571C019,4/20/2016 0:00,991642,21735019.93,930,22.49,22.5,21.56,21.92
EGS65571C019,4/21/2016 0:00,548953,11776821.1,585,21.89,21.95,21.1,21.45
EGS65571C019,4/24/2016 0:00,279544,5919355.23,259,21.14,21.43,20.99,21.18
EGS65571C019,4/26/2016 0:00,374024,7989583.76,304,21.2,21.59,21.14,21.36
EGS65571C019,4/27/2016 0:00,601940,12600527.7,594,21.45,21.5,20.3,20.93
EGS65571C019,4/28/2016 0:00,989208,20086642.31,985,20.6,20.77,20.14,20.31
EGS65571C019,5/3/2016 0:00,587571,11464757.53,923,20.25,20.25,19.2,19.51
EGS65571C019,5/4/2016 0:00,711787,13792132.58,700,19.4,19.8,19.02,19.38
EGS65571C019,5/5/2016 0:00,442582,8675972.79,592,19.8,19.8,19.4,19.6
EGS65571C019,5/8/2016 0:00,244059,4783327.86,248,19.52,19.85,19.37,19.6
EGS65571C019,5/9/2016 0:00,653965,12994005.1,671,19.9,20.16,19.55,19.87
EGS65571C019,5/10/2016 0:00,654271,12690757.29,511,19.7,19.86,19.1,19.4
EGS65571C019,5/11/2016 0:00,914613,17286547.43,766,19.25,19.4,18.65,18.9
EGS65571C019,5/12/2016 0:00,499003,9421941.41,413,18.85,19.13,18.65,18.88
EGS65571C019,5/15/2016 0:00,251380,4650447.37,265,18.55,18.7,18.34,18.5
EGS65571C019,5/16/2016 0:00,625432,11696949.83,633,18.6,18.87,18.4,18.7
EGS65571C019,5/17/2016 0:00,758627,14624192.37,732,18.94,19.85,18.9,19.28
EGS65571C019,5/18/2016 0:00,1359264,26636967.49,729,19.89,19.9,19.38,19.6
EGS65571C019,5/19/2016 0:00,801141,15503865.8,625,19.31,19.53,19.2,19.35
EGS65571C019,5/22/2016 0:00,426642,8194649.06,450,19.48,19.5,19.06,19.21
EGS65571C019,5/23/2016 0:00,410092,7994378.61,368,19.38,19.6,19.27,19.49
EGS65571C019,5/24/2016 0:00,950455,18870248.65,747,19.6,20.04,19.6,19.85
EGS65571C019,5/25/2016 0:00,771618,15428147.87,820,19.85,20.19,19.84,19.99
EGS65571C019,5/26/2016 0:00,473210,9381400.77,530,19.94,20,19.66,19.83
EGS65571C019,5/29/2016 0:00,390662,7672705.33,339,19.75,19.8,19.56,19.64
EGS65571C019,5/30/2016 0:00,213417,4168214.79,274,19.77,19.9,19.37,19.53
EGS65571C019,5/31/2016 0:00,633259,12383714.07,501,19.67,19.74,19.4,19.56
EGS65571C019,6/1/2016 0:00,797468,15760685.08,514,19.66,19.94,19.5,19.76
EGS65571C019,6/2/2016 0:00,1206443,18194437.13,898,14.6,15.25,14.6,15.08
EGS65571C019,6/5/2016 0:00,240628,3575136.95,228,15.06,15.09,14.73,14.86
EGS65571C019,6/6/2016 0:00,448645,6659488.42,323,14.8,15.05,14.66,14.84
EGS65571C019,6/7/2016 0:00,1918311,28727346.67,1074,14.68,15.21,14.65,14.98
EGS65571C019,6/8/2016 0:00,2756603,41803337.84,1334,15.19,15.41,14.93,15.16
EGS65571C019,6/9/2016 0:00,859792,12900582.22,479,15.05,15.14,14.87,15
EGS65571C019,6/12/2016 0:00,420090,6239154.93,362,14.99,14.99,14.79,14.85
EGS65571C019,6/13/2016 0:00,1271742,18794394.75,443,14.9,14.91,14.57,14.78
EGS65571C019,6/14/2016 0:00,1410830,20129562.39,902,14.62,14.66,14,14.27
EGS65571C019,6/15/2016 0:00,1146004,15983409.46,738,14.17,14.19,13.82,13.95
EGS65571C019,6/16/2016 0:00,938164,13027595.4,606,13.9,14,13.75,13.89
EGS65571C019,6/19/2016 0:00,582563,7827416.37,440,13.85,13.85,13.05,13.44
EGS65571C019,6/20/2016 0:00,1586121,20866844.23,1005,13.28,13.54,12.61,13.16
EGS65571C019,6/21/2016 0:00,994572,12921153.34,711,13.5,13.65,12.69,12.99
EGS65571C019,6/22/2016 0:00,924346,11825351.64,708,12.76,12.93,12.6,12.79
EGS65571C019,6/23/2016 0:00,877233,11344795.99,539,12.87,13.09,12.75,12.93
EGS65571C019,6/26/2016 0:00,1842745,21971492.02,973,11.97,12.22,11.15,11.92
EGS65571C019,6/27/2016 0:00,453068,5431057.37,391,12.19,12.25,11.85,11.99
EGS65571C019,6/28/2016 0:00,357784,4307503.45,349,11.9,12.12,11.9,12.04
EGS65571C019,6/29/2016 0:00,680420,8181368.92,487,12.09,12.15,11.89,12.02
EGS65571C019,7/3/2016 0:00,842983,10286201.2,519,12,12.33,11.97,12.2
EGS65571C019,7/4/2016 0:00,2219344,28300919.5,1016,12.26,13.2,12.26,12.75
EGS65571C019,7/10/2016 0:00,4053206,54032341.13,1684,13.09,13.7,12.93,13.33
EGS65571C019,7/11/2016 0:00,1872715,24788854.65,1071,13.57,13.68,13,13.24
EGS65571C019,7/12/2016 0:00,2539319,34093446.89,1332,13.2,13.89,12.91,13.43
EGS65571C019,7/13/2016 0:00,1955959,27089839.79,803,13.82,14.05,13.61,13.85
EGS65571C019,7/14/2016 0:00,2432418,34200526.36,808,13.82,14.3,13.7,14.06
EGS65571C019,7/17/2016 0:00,725674,10239221.11,463,14.15,14.26,13.85,14.11
EGS65571C019,7/18/2016 0:00,1121909,15681289.31,628,14.28,14.45,13.74,13.98
EGS65571C019,7/19/2016 0:00,599112,8354479.66,373,13.98,14.09,13.7,13.94
EGS65571C019,7/20/2016 0:00,687878,9373011.49,407,13.91,13.91,13.47,13.63
EGS65571C019,7/21/2016 0:00,940791,12602703.26,538,13.4,13.55,13.25,13.4
EGS65571C019,7/24/2016 0:00,343041,4636553.37,275,13.65,13.68,13.31,13.52
EGS65571C019,7/25/2016 0:00,572765,7793538.97,421,13.4,13.77,13.4,13.61
EGS65571C019,7/26/2016 0:00,1006648,13829519.46,590,13.8,13.98,13.52,13.74
EGS65571C019,7/27/2016 0:00,3803103,54667416.15,1441,14.35,14.62,14.07,14.37
EGS65571C019,7/28/2016 0:00,1692834,24242324.83,792,14.29,14.47,14.18,14.32
EGS65571C019,7/31/2016 0:00,639260,8977702.93,389,14.28,14.28,13.92,14.04
EGS65571C019,8/1/2016 0:00,1037028,14411734.29,595,14,14.13,13.73,13.9
EGS65571C019,8/2/2016 0:00,600759,8460887.57,441,14.2,14.25,13.95,14.08
EGS65571C019,8/3/2016 0:00,679656,9701864.92,309,14.17,14.35,14.15,14.27
EGS65571C019,8/4/2016 0:00,1774063,25746909.08,736,14.35,14.7,14.2,14.51
EGS65571C019,8/7/2016 0:00,172008,2472755.04,147,14.35,14.53,14.23,14.38
EGS65571C019,8/8/2016 0:00,1999833,29271637.73,969,14.49,14.78,14.49,14.64
EGS65571C019,8/9/2016 0:00,1132129,16308497.58,703,14.59,14.6,14.25,14.41
EGS65571C019,8/10/2016 0:00,1106525,16043564.21,602,14.33,14.68,14.25,14.5
EGS65571C019,8/11/2016 0:00,1304047,18869364.05,561,14.4,14.75,14.24,14.47
EGS65571C019,8/14/2016 0:00,328613,4727099.4,210,14.29,14.48,14.26,14.39
EGS65571C019,8/15/2016 0:00,816330,11818913.57,483,14.5,14.7,14.25,14.48
EGS65571C019,8/16/2016 0:00,1108074,16014198.73,686,14.4,14.58,14.31,14.45
EGS65571C019,8/17/2016 0:00,3060391,45708347.24,1396,14.5,15.2,14.35,14.94
EGS65571C019,8/18/2016 0:00,1205688,18093482.95,752,15.1,15.15,14.89,15.01
EGS65571C019,8/21/2016 0:00,650332,9904212.8,445,15.09,15.37,15.05,15.23
EGS65571C019,8/22/2016 0:00,1158259,17197785.45,646,15.17,15.22,14.7,14.85
EGS65571C019,8/23/2016 0:00,151717,2243689.86,177,14.81,14.95,14.7,14.79
EGS65571C019,8/24/2016 0:00,244984,3625867.43,232,14.74,14.9,14.7,14.8
EGS65571C019,8/25/2016 0:00,222295,3253465.36,223,14.72,14.8,14.42,14.64
EGS65571C019,8/28/2016 0:00,257497,3672954.81,204,14.4,14.43,14.11,14.26
EGS65571C019,8/29/2016 0:00,506778,7272153.2,350,14.29,14.6,14.25,14.35
EGS65571C019,8/30/2016 0:00,750179,10852489.61,476,14.4,14.57,14.35,14.47
EGS65571C019,8/31/2016 0:00,456172,6604229.05,214,14.54,14.57,14.33,14.48
EGS65571C019,9/1/2016 0:00,346058,5035902.25,134,14.5,14.6,14.43,14.55
EGS65571C019,9/4/2016 0:00,879419,12969287.07,475,14.59,14.95,14.5,14.75
EGS65571C019,9/5/2016 0:00,782716,11766693.88,527,14.84,15.19,14.84,15.03
EGS65571C019,9/6/2016 0:00,475341,7041558.13,321,14.95,15.05,14.5,14.81
EGS65571C019,9/7/2016 0:00,240472,3491598.62,228,14.55,14.7,14.4,14.52
EGS65571C019,9/8/2016 0:00,357158,5201855.58,194,14.52,14.65,14.5,14.56
EGS65571C019,9/14/2016 0:00,218045,3159271.99,57,14.44,14.51,14.4,14.49
EGS65571C019,9/15/2016 0:00,715199,10229844.68,300,14.44,14.44,14.21,14.3
EGS65571C019,9/18/2016 0:00,236545,3345839.88,204,14.3,14.39,14.05,14.14
EGS65571C019,9/19/2016 0:00,236414,3373322.17,179,14.29,14.4,14.1,14.27
EGS65571C019,9/20/2016 0:00,251955,3623924.22,191,14.44,14.46,14.25,14.38
EGS65571C019,9/21/2016 0:00,564317,8117084.72,316,14.4,14.62,14.13,14.38
EGS65571C019,9/22/2016 0:00,152787,2181115.71,82,14.39,14.39,14.17,14.28
EGS65571C019,9/25/2016 0:00,292151,4168990.1,147,14.4,14.42,14.16,14.27
EGS65571C019,9/26/2016 0:00,409997,5862648.6,207,14.36,14.4,14.25,14.3
EGS65571C019,9/27/2016 0:00,802641,11434042.75,196,14.35,14.36,14.15,14.25
EGS65571C019,9/28/2016 0:00,279585,3980111.77,71,14.3,14.3,14.11,14.24
EGS65571C019,9/29/2016 0:00,347760,4930511.73,177,14.3,14.3,14.04,14.18
EGS65571C019,10/3/2016 0:00,1918073,27845650.49,780,14.25,14.85,14.25,14.52
EGS65571C019,10/4/2016 0:00,641014,9313793.11,412,14.59,14.68,14.4,14.53
EGS65571C019,10/5/2016 0:00,1523273,22301195.97,757,14.43,14.85,14.36,14.64
EGS65571C019,10/9/2016 0:00,729429,10600135.38,387,14.6,14.75,14.38,14.53
EGS65571C019,10/10/2016 0:00,1248832,17665444.94,573,14.51,14.57,13.6,14.15
EGS65571C019,10/11/2016 0:00,1391926,19382639.09,651,13.9,14.19,13.69,13.93
EGS65571C019,10/12/2016 0:00,353347,4913215.58,241,14.01,14.06,13.77,13.9
EGS65571C019,10/13/2016 0:00,2243234,32382964.95,917,14.01,14.65,14.01,14.44
EGS65571C019,10/16/2016 0:00,714824,10111530.35,480,14.4,14.55,13.8,14.15
EGS65571C019,10/17/2016 0:00,408967,5642485.82,279,13.76,14.09,13.6,13.8
EGS65571C019,10/18/2016 0:00,337421,4559606.02,282,13.65,13.7,13.3,13.51
EGS65571C019,10/19/2016 0:00,535236,7168291.12,341,13.7,13.7,13.24,13.39
EGS65571C019,10/20/2016 0:00,635120,8766709.92,440,13.58,14,13.51,13.8
EGS65571C019,10/23/2016 0:00,368009,5124346.87,242,13.97,14.05,13.7,13.92
EGS65571C019,10/24/2016 0:00,321042,4385783.33,240,13.92,13.92,13.53,13.66
EGS65571C019,10/25/2016 0:00,313644,4284685.18,217,13.6,13.8,13.55,13.66
EGS65571C019,10/26/2016 0:00,238813,3271301.71,155,13.74,13.8,13.6,13.7
EGS65571C019,10/27/2016 0:00,458144,6394761.43,341,13.75,14.07,13.7,13.96
EGS65571C019,10/30/2016 0:00,769843,10740060.58,300,14.08,14.13,13.81,13.95
EGS65571C019,10/31/2016 0:00,524184,7321199.43,229,13.86,14.04,13.83,13.97
EGS65571C019,11/1/2016 0:00,967086,13560607.5,376,13.99,14.18,13.9,14.02
EGS65571C019,11/2/2016 0:00,1125539,16128126.08,545,14.35,14.5,14.14,14.33
EGS65571C019,11/3/2016 0:00,1331870,18948225.24,556,15.09,15.76,13.86,14.23
EGS65571C019,11/6/2016 0:00,1926805,28597075.68,933,14.06,15.2,14.06,14.84
EGS65571C019,11/7/2016 0:00,3285408,49688001.55,1260,15.15,15.4,14.73,15.12
EGS65571C019,11/8/2016 0:00,4029135,62571096.61,1426,15.4,15.88,15.01,15.53
EGS65571C019,11/9/2016 0:00,2909566,44570433.47,1735,14.93,15.7,14.7,15.32
EGS65571C019,11/10/2016 0:00,4074782,65071414.36,1483,15.49,16.25,15.4,15.97
EGS65571C019,11/13/2016 0:00,3585021,57476896.94,1515,16.5,16.5,15.75,16.03
EGS65571C019,11/14/2016 0:00,1993528,31608877.87,902,16.07,16.18,15.5,15.86
EGS65571C019,11/15/2016 0:00,5352487,84403053.56,2143,15.77,16,15.55,15.77
EGS65571C019,11/16/2016 0:00,6796281,114073244.3,2132,16.45,17.29,16.31,16.78
EGS65571C019,11/17/2016 0:00,5265090,90738742.83,1723,17.35,17.65,16.81,17.23
EGS65571C019,11/20/2016 0:00,3936395,71353541.14,1601,17.09,18.8,16.95,18.13
EGS65571C019,11/21/2016 0:00,4058238,78200678.85,1381,18.77,19.94,18.61,19.27
EGS65571C019,11/22/2016 0:00,3499738,68517960.59,1676,20.2,20.65,18.76,19.58
EGS65571C019,11/23/2016 0:00,2743417,54217041.54,1232,19.8,20.09,19.4,19.76
EGS65571C019,11/24/2016 0:00,2079217,40024736.54,1083,19.85,20.2,18.61,19.25
EGS65571C019,11/27/2016 0:00,1911293,35508397.94,1104,18.65,19.12,18.25,18.58
EGS65571C019,11/28/2016 0:00,1885350,35340759.04,980,18.59,19.07,18.44,18.74
EGS65571C019,11/29/2016 0:00,2668800,49671625.52,1167,18.54,19.09,18.07,18.61
EGS65571C019,11/30/2016 0:00,1154425,21877976.34,675,19.2,19.29,18.61,18.95
EGS65571C019,12/1/2016 0:00,1050609,19711482.93,621,18.95,19,18.51,18.76
EGS65571C019,12/4/2016 0:00,761673,14226816.49,605,18.89,18.9,18.46,18.68
EGS65571C019,12/5/2016 0:00,994188,18299637.7,584,18.78,18.85,18.15,18.41
EGS65571C019,12/6/2016 0:00,1015517,18813818.52,806,18.35,18.69,18.27,18.53
EGS65571C019,12/7/2016 0:00,4463459,83186502.66,2143,18.71,19.25,18,18.64
EGS65571C019,12/8/2016 0:00,2804457,52456811.67,1424,18.15,19.1,18.11,18.7
EGS65571C019,12/12/2016 0:00,5434005,106466339.7,2338,18.97,20.4,18.75,19.59
EGS65571C019,12/13/2016 0:00,4467101,88403938.5,1688,20.06,20.3,19.22,19.79
EGS65571C019,12/14/2016 0:00,1835673,35323347.85,1045,19.59,19.77,18.64,19.24
EGS65571C019,12/15/2016 0:00,2575001,49293188.07,1274,18.92,19.4,18.82,19.14
EGS65571C019,12/18/2016 0:00,2100782,40843321.63,1027,19.18,19.7,19.01,19.44
EGS65571C019,12/19/2016 0:00,5007515,99529725.46,2071,19.31,20.5,19.1,19.88
EGS65571C019,12/20/2016 0:00,3965470,80020710.23,1472,20.33,20.7,19.77,20.18
EGS65571C019,12/21/2016 0:00,6088762,126729012,2436,19.99,21.6,19.92,20.81
EGS65571C019,12/22/2016 0:00,3824774,80636069.5,1421,21.49,21.6,20.7,21.08
EGS65571C019,12/25/2016 0:00,3081178,65376481.68,1276,21,21.55,20.91,21.22
EGS65571C019,12/26/2016 0:00,3860039,81390113.31,1280,21.12,21.3,20.65,21.09
EGS65571C019,12/27/2016 0:00,2052295,43023383.78,848,21,21.25,20.66,20.96
EGS65571C019,12/28/2016 0:00,2029828,42568583.9,889,21,21.3,20.6,20.97
EGS65571C019,12/29/2016 0:00,1806668,37347828.04,860,20.94,21.01,20.2,20.67
EGS65571C019,1/2/2017 0:00,940881,19346418.37,495,20.61,20.85,20.3,20.56
EGS65571C019,1/3/2017 0:00,1194854,24683065.32,584,20.65,20.9,20.35,20.66
EGS65571C019,1/4/2017 0:00,3405205,72600236.81,1521,21,21.63,21,21.32
EGS65571C019,1/5/2017 0:00,3848971,83206911.45,1306,21.5,21.97,21.27,21.62
EGS65571C019,1/8/2017 0:00,1772015,38180286.39,888,21.9,21.94,21.26,21.55
EGS65571C019,1/9/2017 0:00,1281938,27450600.89,769,21.45,21.7,21.02,21.41
EGS65571C019,1/10/2017 0:00,4326650,94379172.76,1534,21.72,22.09,21.5,21.81
EGS65571C019,1/11/2017 0:00,951047,20479734.02,558,21.89,21.9,21.3,21.53
EGS65571C019,1/12/2017 0:00,3706324,81578222.44,1280,21.44,22.3,21.44,22.01
EGS65571C019,1/15/2017 0:00,2462589,54787964.18,815,22.13,22.5,21.9,22.25
EGS65571C019,1/16/2017 0:00,597464,13011059.48,400,21.89,22.1,21.5,21.78
EGS65571C019,1/17/2017 0:00,2525382,56404535.57,1144,21.95,22.6,21.89,22.34
EGS65571C019,1/18/2017 0:00,2145262,47417777.51,893,22.59,22.69,21.4,22.1
EGS65571C019,1/19/2017 0:00,1469350,31056639.71,776,21.52,21.83,20.67,21.14
EGS65571C019,1/22/2017 0:00,1491727,30604716.9,872,21,21.1,20.14,20.52
EGS65571C019,1/23/2017 0:00,943022,19423849.88,611,20.73,20.88,20.25,20.6
EGS65571C019,1/24/2017 0:00,738860,15226929.68,552,20.53,20.99,20.12,20.61
EGS65571C019,1/26/2017 0:00,895909,18854413.16,603,20.9,21.4,20.75,21.05
EGS65571C019,1/29/2017 0:00,1059540,22365427.91,659,21.19,21.6,20.62,21.11
EGS65571C019,1/30/2017 0:00,999693,20038363.69,582,20.97,21,19.31,20.04
EGS65571C019,1/31/2017 0:00,19573522,380389553.2,899,19.7,19.8,18.5,19.43
EGS65571C019,2/1/2017 0:00,855250,16265578.84,704,19.4,19.6,18.63,19.02
EGS65571C019,2/2/2017 0:00,2032073,38272172.86,1014,18.99,19.2,18.5,18.83
EGS65571C019,2/5/2017 0:00,2508384,45781887.2,1457,18.91,18.95,17.9,18.25
EGS65571C019,2/6/2017 0:00,6736689,123283046.8,1548,18.23,18.6,18,18.3
EGS65571C019,2/7/2017 0:00,3280536,63002600.45,1588,18.68,19.7,18.62,19.2
EGS65571C019,2/8/2017 0:00,2058946,39486085.79,1336,19.7,19.73,18.8,19.18
EGS65571C019,2/9/2017 0:00,1170878,22358132.23,822,19.1,19.38,18.84,19.1
EGS65571C019,2/12/2017 0:00,630642,11973398.78,499,18.9,19.25,18.7,18.99
EGS65571C019,2/13/2017 0:00,797341,14794447.7,592,18.74,18.84,18.25,18.55
EGS65571C019,2/14/2017 0:00,1089221,19958934.93,612,18.8,18.95,17.96,18.32
EGS65571C019,2/15/2017 0:00,640536,11783668.31,426,18,18.74,18,18.4
EGS65571C019,2/16/2017 0:00,1174184,22291905.26,741,18.5,19.3,18.5,18.99
EGS65571C019,2/19/2017 0:00,406747,7651664.95,263,19.03,19.05,18.62,18.81
EGS65571C019,2/20/2017 0:00,922793,17560906.77,479,18.66,19.44,18.28,19.03
EGS65571C019,2/21/2017 0:00,828007,16046468.61,679,19.35,19.58,19.04,19.38
EGS65571C019,2/22/2017 0:00,469184,8845250.1,478,19.4,19.4,18.59,18.85
EGS65571C019,2/23/2017 0:00,3698886,74617520.37,2140,19.1,20.73,19.1,20.17
EGS65571C019,2/26/2017 0:00,2021915,42143763.07,1263,21.25,21.52,20.46,20.84
EGS65571C019,2/27/2017 0:00,3935125,77460122.47,957,20.69,20.75,19.26,19.68
EGS65571C019,2/28/2017 0:00,1944644,38583234.57,1080,19.18,20.18,19.05,19.84
EGS65571C019,3/1/2017 0:00,752855,15222124.03,506,20.25,20.44,20.03,20.22
EGS65571C019,3/2/2017 0:00,1748305,36433792.32,1114,20.38,21.15,20.38,20.84
EGS65571C019,3/5/2017 0:00,1838525,39469150.94,962,21,21.71,21,21.47
EGS65571C019,3/6/2017 0:00,2819574,62840200.92,1674,21.6,22.87,21.21,22.29
EGS65571C019,3/7/2017 0:00,2870657,63575483.8,1312,22.65,22.65,21.4,22.15
EGS65571C019,3/8/2017 0:00,1701866,37715507.26,854,21.7,22.4,21.7,22.16
EGS65571C019,3/9/2017 0:00,2644536,58323366.66,1197,22.24,22.59,21.68,22.05
EGS65571C019,3/12/2017 0:00,2340032,51764924.4,980,21.87,22.4,21.8,22.12
EGS65571C019,3/13/2017 0:00,1217665,27170024.22,708,22.3,22.5,22.13,22.31
EGS65571C019,3/14/2017 0:00,1359573,29931960.19,792,22.39,22.46,21.8,22.02
EGS65571C019,3/15/2017 0:00,773550,17000317.56,539,22.05,22.25,21.8,21.98
EGS65571C019,3/16/2017 0:00,9041219,201347375.9,1599,22.18,22.5,22,22.27
EGS65571C019,3/19/2017 0:00,7161230,160159917.4,1263,22.55,22.69,22.29,22.36
EGS65571C019,3/20/2017 0:00,1278967,28512015.97,481,22.32,22.5,22.02,22.29
EGS65571C019,3/21/2017 0:00,1494653,32938145.4,642,22.28,22.35,21.8,22.04
EGS65571C019,3/22/2017 0:00,771201,16899084.07,325,22,22.15,21.8,21.91
EGS65571C019,3/23/2017 0:00,857576,18897627.53,350,22.17,22.2,22,22.04
EGS65571C019,3/26/2017 0:00,681048,15188025.75,515,22.17,22.44,22.11,22.3
EGS65571C019,3/27/2017 0:00,903042,20087977.07,464,22.5,22.6,22.01,22.24
EGS65571C019,3/28/2017 0:00,431598,9554133.76,297,22.05,22.32,22,22.14
EGS65571C019,3/29/2017 0:00,1530262,34361041.21,715,22.25,22.7,22.06,22.45
EGS65571C019,3/30/2017 0:00,5568661,128536300.6,2313,22.6,23.5,22.46,23.08
EGS65571C019,4/2/2017 0:00,1306772,30342296.7,783,23.26,23.6,22.95,23.22
EGS65571C019,4/3/2017 0:00,1245759,28972158.15,678,23.27,23.37,23.05,23.26
EGS65571C019,4/4/2017 0:00,1151383,27141818.97,680,23.4,23.87,23.26,23.57
EGS65571C019,4/5/2017 0:00,635327,14828836.05,422,23.61,23.65,23.12,23.34
EGS65571C019,4/6/2017 0:00,458335,10610790.15,331,23.2,23.4,22.95,23.15
EGS65571C019,4/9/2017 0:00,610094,13947495.24,517,23.22,23.22,22.53,22.86
EGS65571C019,4/10/2017 0:00,413034,9320423.08,428,22.71,22.95,22.25,22.57
EGS65571C019,4/11/2017 0:00,498163,11287245.37,387,22.66,22.94,22.5,22.66
EGS65571C019,4/12/2017 0:00,1334411,30613507.05,433,22.75,23.16,22.75,22.94
EGS65571C019,4/13/2017 0:00,486844,11226851.67,291,23.1,23.23,22.76,23.06
EGS65571C019,4/18/2017 0:00,429382,9900325.19,445,23.23,23.4,22.82,23.06
EGS65571C019,4/19/2017 0:00,515398,11712111.64,546,22.82,23,22.56,22.72
EGS65571C019,4/20/2017 0:00,827649,18759376.26,546,22.75,22.81,22.35,22.67
EGS65571C019,4/23/2017 0:00,1669443,35641049.62,963,22.41,22.42,20.9,21.35
EGS65571C019,4/24/2017 0:00,1116732,23603116.84,747,21.2,21.64,20.95,21.14
EGS65571C019,4/26/2017 0:00,1272874,27253550.56,675,21.13,21.58,21.13,21.41
EGS65571C019,4/27/2017 0:00,1062029,22256377.7,549,21.35,21.42,20.5,20.96
EGS65571C019,4/30/2017 0:00,273104,5652489.05,273,20.52,21.01,20.25,20.7
EGS65571C019,5/2/2017 0:00,747706,15800684.74,405,20.7,21.3,20.7,21.13
EGS65571C019,5/3/2017 0:00,289016,6172947.02,226,21.35,21.5,21.1,21.36
EGS65571C019,5/4/2017 0:00,1149474,24688190.09,299,21.48,21.6,21.2,21.48
EGS65571C019,5/7/2017 0:00,554402,11771404.94,247,21.45,21.47,21.18,21.23
EGS65571C019,5/8/2017 0:00,521677,11159218.89,325,21.38,21.5,21.24,21.39
EGS65571C019,5/9/2017 0:00,486913,10462615.02,308,21.44,21.72,21.25,21.49
EGS65571C019,5/10/2017 0:00,712712,15131366.88,397,21.57,21.6,20.86,21.23
EGS65571C019,5/11/2017 0:00,520732,11019920.11,280,21.08,21.3,20.81,21.16
EGS65571C019,5/14/2017 0:00,465091,9932352.33,360,21.5,21.61,21.13,21.36
EGS65571C019,5/15/2017 0:00,663617,14114242,469,21.36,21.37,21.02,21.27
EGS65571C019,5/16/2017 0:00,1869303,39875570.79,590,21.32,21.59,21,21.33
EGS65571C019,5/17/2017 0:00,1273456,27515784.54,559,21.5,21.75,21.43,21.61
EGS65571C019,5/18/2017 0:00,998056,21574231.78,541,21.44,21.85,21.4,21.62
EGS65571C019,5/21/2017 0:00,227546,4910158.49,220,21.38,21.69,21.38,21.58
EGS65571C019,5/22/2017 0:00,1237299,24994632.89,831,21.18,21.18,19.43,20.2
EGS65571C019,5/23/2017 0:00,723271,14795264.88,469,20.04,20.63,20.04,20.46
EGS65571C019,5/24/2017 0:00,1030519,21517076.69,560,20.6,21.08,20.44,20.88
EGS65571C019,5/25/2017 0:00,201373,4227817.5,154,21.19,21.2,20.87,20.99
EGS65571C019,5/28/2017 0:00,150243,3147180.61,113,21,21.12,20.77,20.95
EGS65571C019,5/29/2017 0:00,413593,8717371.37,260,21.1,21.3,21,21.08
EGS65571C019,5/30/2017 0:00,987665,21264034.92,518,21.23,21.6,21.23,21.53
EGS65571C019,5/31/2017 0:00,1480069,31805431.45,635,21.47,21.7,21.17,21.49
EGS65571C019,6/1/2017 0:00,2000513,43495687.7,750,21.59,21.98,21.51,21.74
EGS65571C019,6/4/2017 0:00,515856,11265217.5,282,21.7,21.96,21.66,21.84
EGS65571C019,6/5/2017 0:00,642963,13991105.07,289,21.84,21.92,21.66,21.76
EGS65571C019,6/6/2017 0:00,520880,11358854.31,267,21.7,21.9,21.68,21.81
EGS65571C019,6/7/2017 0:00,3016778,67040774.81,1170,21.86,22.72,21.77,22.22
EGS65571C019,6/8/2017 0:00,998409,22405990.61,457,22.72,22.73,22.21,22.44
EGS65571C019,6/11/2017 0:00,425832,9485003.43,248,22.35,22.5,22.16,22.27
EGS65571C019,6/12/2017 0:00,430760,9492496.44,299,22.2,22.25,21.87,22.04
EGS65571C019,6/13/2017 0:00,1969977,44816791.86,1060,22,23.1,22,22.75
EGS65571C019,6/14/2017 0:00,2641631,61563500.6,1382,22.78,23.65,22.78,23.31
EGS65571C019,6/15/2017 0:00,967608,22570915.23,532,23.7,23.7,23.18,23.33
EGS65571C019,6/18/2017 0:00,584370,13442701.13,363,23.44,23.44,22.74,23
EGS65571C019,6/19/2017 0:00,716154,16337336.31,323,22.83,23,22.6,22.81
EGS65571C019,6/20/2017 0:00,574185,13180445,363,22.8,23.22,22.8,22.96
EGS65571C019,6/21/2017 0:00,1540963,35972753.25,798,23,23.59,22.9,23.34
EGS65571C019,6/22/2017 0:00,1556147,36866853.22,734,23.52,23.98,23.42,23.69
EGS65571C019,6/28/2017 0:00,3241827,78120562.65,1326,23.59,24.5,23.59,24.1
EGS65571C019,7/2/2017 0:00,1742670,20824439.22,934,12.09,12.19,11.76,11.95
EGS65571C019,7/3/2017 0:00,1340909,15504693.91,594,11.86,11.9,11.41,11.56
EGS65571C019,7/4/2017 0:00,1563339,17742376.14,582,11.51,11.58,11.22,11.35
EGS65571C019,7/5/2017 0:00,811003,9094726.82,516,11.28,11.43,11.05,11.21
EGS65571C019,7/6/2017 0:00,1226355,13689428.37,648,11.25,11.35,11.05,11.16
EGS65571C019,7/9/2017 0:00,1054493,11459448,710,11.05,11.07,10.78,10.87
EGS65571C019,7/10/2017 0:00,2321432,25109374.89,934,10.85,11,10.6,10.82
EGS65571C019,7/11/2017 0:00,2560469,28044286.3,939,11,11.15,10.73,10.95
EGS65571C019,7/12/2017 0:00,1493963,16114832.7,528,10.85,10.9,10.75,10.79
EGS65571C019,7/13/2017 0:00,1389527,15055696.32,654,10.89,11,10.75,10.84
EGS65571C019,7/16/2017 0:00,473597,5093265.62,362,10.89,10.89,10.67,10.75
EGS65571C019,7/17/2017 0:00,1032678,11035911.94,576,10.77,10.82,10.64,10.69
EGS65571C019,7/18/2017 0:00,1920802,19732502.69,915,10.69,10.73,10.05,10.27
EGS65571C019,7/19/2017 0:00,1764817,18193620.68,723,10.2,10.41,10.15,10.31
EGS65571C019,7/20/2017 0:00,3606986,37616768.41,1325,10.32,10.62,10.32,10.43
EGS65571C019,7/24/2017 0:00,1063136,11281636.49,404,10.64,10.73,10.5,10.61
EGS65571C019,7/25/2017 0:00,470986,4953080.42,308,10.65,10.66,10.43,10.52
EGS65571C019,7/26/2017 0:00,2626790,28323044.46,1033,10.54,10.99,10.43,10.78
EGS65571C019,7/27/2017 0:00,1691511,18261511.03,581,10.93,11,10.66,10.8
EGS65571C019,7/30/2017 0:00,1008126,10732356.43,480,10.84,10.86,10.55,10.65
EGS65571C019,7/31/2017 0:00,712253,7450721.34,315,10.69,10.7,10.35,10.46
EGS65571C019,8/1/2017 0:00,1182329,12223467.28,531,10.37,10.54,10.22,10.34
EGS65571C019,8/2/2017 0:00,1427838,15076124.52,722,10.4,10.74,10.4,10.56
EGS65571C019,8/3/2017 0:00,1932490,20830351.8,771,10.6,10.97,10.51,10.78
EGS65571C019,8/6/2017 0:00,2611821,28830575.11,928,10.85,11.19,10.81,11.04
EGS65571C019,8/7/2017 0:00,1948240,21481346.19,834,11.2,11.3,10.81,11.03
EGS65571C019,8/8/2017 0:00,2365078,26230146.48,759,11.01,11.21,10.85,11.09
EGS65571C019,8/9/2017 0:00,1513587,16720901.82,420,11.25,11.27,10.95,11.05
EGS65571C019,8/10/2017 0:00,772475,8391329.16,357,11.16,11.16,10.76,10.86
EGS65571C019,8/13/2017 0:00,512858,5448567.63,315,10.82,10.82,10.44,10.62
EGS65571C019,8/14/2017 0:00,1276614,13270824.13,544,10.69,10.75,10.3,10.4
EGS65571C019,8/15/2017 0:00,848603,8703980.59,481,10.45,10.5,10.12,10.26
EGS65571C019,8/16/2017 0:00,526157,5396962.43,318,10.22,10.45,10.17,10.26
EGS65571C019,8/17/2017 0:00,616059,6279158.43,309,10.21,10.34,10.11,10.19
EGS65571C019,8/20/2017 0:00,526880,5345967.61,341,10.27,10.27,10.03,10.15
EGS65571C019,8/21/2017 0:00,603403,6114430.42,319,10.17,10.21,10.07,10.13
EGS65571C019,8/22/2017 0:00,409856,4142712.35,295,10.11,10.2,10.04,10.11
EGS65571C019,8/23/2017 0:00,1529204,14979670.69,682,10.05,10.11,9.58,9.8
EGS65571C019,8/24/2017 0:00,849527,8182488.07,477,9.75,9.8,9.5,9.63
EGS65571C019,8/27/2017 0:00,599861,5768862.12,392,9.76,9.8,9.42,9.62
EGS65571C019,8/28/2017 0:00,312906,3006405.83,245,9.58,9.67,9.53,9.61
EGS65571C019,8/29/2017 0:00,1187256,11570089.82,425,9.62,9.85,9.62,9.75
EGS65571C019,8/30/2017 0:00,2038011,19886110.12,656,9.8,9.85,9.69,9.76
EGS65571C019,9/5/2017 0:00,480435,4745806.34,240,9.86,9.94,9.78,9.88
EGS65571C019,9/6/2017 0:00,1362667,13400655.4,417,9.9,9.94,9.8,9.83
EGS65571C019,9/7/2017 0:00,3058827,30686898.88,871,9.88,10.15,9.88,10.03
EGS65571C019,9/10/2017 0:00,1117597,11335893.87,424,10,10.21,10,10.14
EGS65571C019,9/11/2017 0:00,1676914,17179578.45,588,10.1,10.34,10.1,10.24
EGS65571C019,9/12/2017 0:00,2700712,27751681.24,607,10.01,10.45,10.01,10.28
EGS65571C019,9/13/2017 0:00,1277671,13039303.88,481,10.27,10.39,10.14,10.21
EGS65571C019,9/14/2017 0:00,2569813,26497768.88,802,10.14,10.46,10.14,10.31
EGS65571C019,9/17/2017 0:00,1241195,12582433.76,418,10.3,10.31,10.03,10.14
EGS65571C019,9/18/2017 0:00,2410249,24111861.78,638,10.06,10.15,9.9,10
EGS65571C019,9/19/2017 0:00,1618389,16499212.1,653,10.1,10.28,10.1,10.19
EGS65571C019,9/20/2017 0:00,1065178,10711995.14,532,10.22,10.22,9.98,10.06
EGS65571C019,9/24/2017 0:00,2020063,19914103.08,810,10.02,10.08,9.76,9.86
EGS65571C019,9/25/2017 0:00,2346237,23365109.84,928,9.89,10.09,9.8,9.96
EGS65571C019,9/26/2017 0:00,1444546,14324830.9,617,10,10.03,9.82,9.92
EGS65571C019,9/27/2017 0:00,1629876,16093933.71,618,9.86,9.96,9.8,9.87
EGS65571C019,9/28/2017 0:00,2802531,28051610.47,1027,9.96,10.12,9.91,10.01
EGS65571C019,10/1/2017 0:00,3894988,39530333.48,1008,10.07,10.25,9.96,10.15
EGS65571C019,10/2/2017 0:00,4462159,45489497.03,982,10.19,10.32,9.97,10.19
EGS65571C019,10/3/2017 0:00,756829,7604376.69,288,10.07,10.11,9.94,10.05
EGS65571C019,10/4/2017 0:00,2219970,22228164.19,622,10.03,10.2,9.9,10.01
EGS65571C019,10/8/2017 0:00,1361778,13856609.07,525,10.12,10.25,10.11,10.18
EGS65571C019,10/9/2017 0:00,2340295,24109684.08,816,10.24,10.43,10.18,10.3
EGS65571C019,10/10/2017 0:00,6958992,74331975.92,2148,10.42,10.86,10.42,10.68
EGS65571C019,10/11/2017 0:00,4512021,47908751.6,1364,10.8,10.9,10.48,10.62
EGS65571C019,10/12/2017 0:00,1429246,15057635.12,518,10.61,10.69,10.41,10.54
EGS65571C019,10/15/2017 0:00,940893,9812719.71,380,10.5,10.57,10.3,10.43
EGS65571C019,10/16/2017 0:00,2493386,25228401.92,1043,10.31,10.45,9.92,10.12
EGS65571C019,10/17/2017 0:00,1431902,14530780.66,612,10.15,10.31,9.94,10.15
EGS65571C019,10/18/2017 0:00,3272549,33816461.32,1132,10.33,10.54,10.2,10.33
EGS65571C019,10/19/2017 0:00,3566792,36989943.37,1271,10.31,10.53,10.22,10.37
EGS65571C019,10/22/2017 0:00,947313,9649661.82,525,10.25,10.38,10.1,10.19
EGS65571C019,10/23/2017 0:00,1265337,13006342.39,438,10.23,10.41,10.15,10.28
EGS65571C019,10/24/2017 0:00,3343011,34458139.1,1335,10.35,10.52,10.16,10.31
EGS65571C019,10/25/2017 0:00,1137144,11753601.09,508,10.23,10.43,10.2,10.34
EGS65571C019,10/26/2017 0:00,2580728,27119419.85,748,10.43,10.63,10.39,10.51
EGS65571C019,10/29/2017 0:00,1998740,21039620.84,654,10.5,10.64,10.3,10.53
EGS65571C019,10/30/2017 0:00,2137772,22660824.54,848,10.64,10.69,10.51,10.6
EGS65571C019,10/31/2017 0:00,2382227,25152338.79,795,10.6,10.7,10.45,10.56
EGS65571C019,11/1/2017 0:00,3183986,34051372.26,701,10.51,10.81,10.47,10.69
EGS65571C019,11/2/2017 0:00,5206636,56799033.61,1784,10.67,11.13,10.67,10.91
EGS65571C019,11/5/2017 0:00,2728312,29788689.32,895,10.9,11.17,10.77,10.92
EGS65571C019,11/6/2017 0:00,3340950,35718754.47,1352,10.92,10.93,10.41,10.69
EGS65571C019,11/7/2017 0:00,2138596,22400067.63,737,10.53,10.6,10.31,10.47
EGS65571C019,11/8/2017 0:00,1684046,17711870.13,570,10.6,10.68,10.4,10.52
EGS65571C019,11/9/2017 0:00,1523975,16033270.18,645,10.6,10.69,10.42,10.52
EGS65571C019,11/12/2017 0:00,795265,8263051.82,334,10.53,10.64,10.27,10.39
EGS65571C019,11/13/2017 0:00,1977637,20110318.86,822,10.4,10.4,10.05,10.17
EGS65571C019,11/14/2017 0:00,2685035,27427288.77,788,10.2,10.38,10,10.21
EGS65571C019,11/15/2017 0:00,2305362,23565886.68,645,10.28,10.37,10.12,10.22
EGS65571C019,11/16/2017 0:00,1121451,11374970.78,435,10.15,10.32,10.06,10.14
EGS65571C019,11/19/2017 0:00,2328563,22999783.81,1044,10.12,10.18,9.7,9.88
EGS65571C019,11/20/2017 0:00,1559439,15185462.35,556,9.84,9.87,9.59,9.74
EGS65571C019,11/21/2017 0:00,1920746,18918880.07,544,9.87,9.95,9.75,9.85
EGS65571C019,11/22/2017 0:00,3208033,31804120.04,819,9.84,10.06,9.79,9.91
EGS65571C019,11/23/2017 0:00,2258392,22729430.4,807,10.05,10.2,9.96,10.06
EGS65571C019,11/26/2017 0:00,4086780,41966970.63,1109,9.95,10.41,9.95,10.27
EGS65571C019,11/27/2017 0:00,3891406,39933768.85,690,10.3,10.44,10.14,10.26
EGS65571C019,11/28/2017 0:00,3934603,41007472.25,1006,10.39,10.56,10.26,10.42
EGS65571C019,11/29/2017 0:00,3080801,32179037.66,619,10.4,10.53,10.3,10.45
EGS65571C019,12/3/2017 0:00,1071688,11122449.71,308,10.4,10.5,10.27,10.38
EGS65571C019,12/4/2017 0:00,1611520,16493894.44,528,10.4,10.45,10.15,10.23
EGS65571C019,12/5/2017 0:00,886669,9014477.21,300,10.2,10.27,10.11,10.17
EGS65571C019,12/6/2017 0:00,1677429,17026535.61,553,10.11,10.25,10.08,10.15
EGS65571C019,12/7/2017 0:00,630543,6376765.26,218,10.07,10.2,10.04,10.11
EGS65571C019,12/10/2017 0:00,518055,5317369.34,231,10.2,10.36,10.2,10.26
EGS65571C019,12/11/2017 0:00,1267648,13064567.1,376,10.27,10.37,10.25,10.31
EGS65571C019,12/12/2017 0:00,6058856,63704798.48,1899,10.38,10.67,10.3,10.51
EGS65571C019,12/13/2017 0:00,2484221,26275764.45,742,10.57,10.7,10.47,10.58
EGS65571C019,12/14/2017 0:00,4918542,52406308.85,1126,10.58,10.78,10.47,10.65
EGS65571C019,12/17/2017 0:00,33567891,368484494.8,1457,10.73,11.07,10.72,10.98
EGS65571C019,12/18/2017 0:00,2618008,27878525.71,915,10.81,10.87,10.58,10.65
EGS65571C019,12/19/2017 0:00,1628183,17422177.63,582,10.59,10.84,10.57,10.7
EGS65571C019,12/20/2017 0:00,1254999,13383731.99,412,10.56,10.89,10.49,10.66
EGS65571C019,12/21/2017 0:00,1843784,19748052.62,394,10.64,10.8,10.57,10.71
EGS65571C019,12/24/2017 0:00,1738758,18804404.33,429,10.69,10.88,10.69,10.81
EGS65571C019,12/25/2017 0:00,3298857,36039349.6,819,10.79,11.02,10.77,10.92
EGS65571C019,12/26/2017 0:00,464501,5049787.47,160,10.89,10.98,10.8,10.87
EGS65571C019,12/27/2017 0:00,3037790,32747169.53,344,10.85,10.96,10.68,10.78
EGS65571C019,12/28/2017 0:00,666757,7145359.5,269,10.75,10.82,10.64,10.72
EGS65571C019,12/31/2017 0:00,1328205,14053645.1,295,10.7,10.73,10.49,10.58
